"speciesScientificName","type","projectID","ForStrat.Value","diet.breadth","BodyMass.Value","Activity.Nocturnal","Activity.Diurnal","X15.1_LitterSize","X10.1_PopulationGrpSize","X10.2_SocialGrpSize"
"Tragulus javanicus","A","TEAMS_BBS","G",2,2775,1,0,0.98,-999,1
"Presbytis melalophos","A","TEAMS_BBS","Ar",3,6300,0,1,1.01,14.5,14
"Pardofelis marmorata","A","TEAMS_BBS","S",1,2854.25,1,0,2,-999,-999
"Muntiacus muntjak","B","TEAMS_BBS","G",2,15925.79,1,1,1,-999,-999
"Macaca nemestrina","B","TEAMS_BBS","S",4,6296.5,0,1,1.01,-999,22.6
"Helarctos malayanus","B","TEAMS_BBS","G",4,46500,1,0,1.1,-999,-999
"Rusa unicolor","B","TEAMS_BBS","G",2,177522.9,1,0,1,-999,-999
"Sus scrofa","B","TEAMS_BBS","G",5,96118.09,1,0,4.52,-999,13
"Tragulus napu","B","TEAMS_BBS","G",2,4950,1,0,0.96,-999,-999
"Tapirus indicus","B","TEAMS_BBS","G",1,296250,1,0,1,1,1.5
"Symphalangus syndactylus","B","TEAMS_BBS","Ar",3,10839,0,1,1.02,-999,3.8
"Manis javanica","B","TEAMS_BBS","Ar",1,5150,1,0,1,-999,-999
"Panthera tigris","B","TEAMS_BBS","G",1,162564,1,1,2.6,1,1
"Prionailurus bengalensis","B","TEAMS_BBS","S",3,3300,1,1,2.5,-999,-999
"Elephas maximus","B","TEAMS_BBS","G",1,2915040,1,1,1.41,-999,7.75
"Cuon alpinus","B","TEAMS_BBS","G",2,14173.33,0,1,4.3,-999,-999
"Catopuma temminckii","B","TEAMS_BBS","G",2,11500,1,0,1.5,-999,-999
"Prionodon linsang","B","TEAMS_BBS","S",3,700,1,0,2.3,-999,-999
"Arctogalidia trivirgata","B","TEAMS_BBS","Ar",4,2250,1,0,2.79,-999,-999
"Paguma larvata","B","TEAMS_BBS","G",3,4300,1,0,2.16,-999,-999
"Macaca fascicularis","B","TEAMS_BBS","S",3,3991.5,0,1,1,23.6,27
"Hemigalus derbyanus","B","TEAMS_BBS","G",1,2322.5,1,0,1.73,-999,-999
"Cynogale bennettii","B","TEAMS_BBS","G",4,4500,1,0,2.3,-999,-999
"Arctictis binturong","B","TEAMS_BBS","Ar",5,9875,1,0,2.5,-999,-999
"Lutra lutra","B","TEAMS_BBS","G",4,8785.14,1,1,2.01,-999,-999
"Herpestes brachyurus","B","TEAMS_BBS","G",5,1853.52,1,1,3.49,-999,-999
"Tragulus kanchil","B","TEAMS_BBS","G",2,3706.24,1,0,-999,-999,-999
"Paradoxurus hermaphroditus","B","TEAMS_BBS","Ar",4,3156.66,1,0,3.29,-999,-999
"Capricornis sumatraensis","B","TEAMS_BBS","G",1,110942.22,0,1,1.22,-999,-999
"Martes flavigula","B","TEAMS_BBS","Ar",5,1842.5,0,1,3.53,-999,-999
"Hystrix brachyura","C","TEAMS_BBS","G",2,8450,1,0,1.41,1,1
"Trichys fasciculata","C","TEAMS_BBS","S",2,1655,1,0,-999,-999,-999
"Herpestes semitorquatus","C","TEAMS_BBS","G",5,1916.01,1,1,-999,-999,-999
"Nycticebus coucang","C","TEAMS_BBS","Ar",4,803.5,1,0,1.12,-999,1
"Hylobates agilis","C","TEAMS_BBS","Ar",3,5650,0,1,1.02,-999,4.2
"Viverra tangalunga","C","TEAMS_BBS","G",6,6885,1,1,1.92,-999,-999
"Petaurista elegans","C","TEAMS_BBS","Ar",4,997,1,0,1,-999,-999
"Dicerorhinus sumatrensis","C","TEAMS_BBS","G",2,1266667,1,0,1,1,1
"Ratufa affinis","C","TEAMS_BBS","Ar",5,1156.25,0,1,-999,-999,-999
"Hystrix sumatrae","C","TEAMS_BBS","G",2,3260,1,0,-999,-999,-999
"Ratufa bicolor","C","TEAMS_BBS","Ar",5,2050,0,1,1.5,-999,-999
"Petaurista petaurista","C","TEAMS_BBS","Ar",4,1660.13,1,0,1,-999,-999
"Trachypithecus cristatus","C","TEAMS_BBS","Ar",2,8350,0,1,1.01,30.6,27.4
"Mustela nudipes","C","TEAMS_BBS","S",1,500,1,1,4,-999,-999
"Rhizomys sumatrensis","C","TEAMS_BBS","G",3,1625,1,0,4,-999,-999
"Lutra sumatrana","C","TEAMS_BBS","G",4,5500,1,1,-999,-999,-999
"Lutrogale perspicillata","C","TEAMS_BBS","G",4,9483.33,0,1,3.24,-999,-999
"Prionailurus planiceps","C","TEAMS_BBS","G",2,6750,1,0,-999,1,1
"Sylvilagus brasiliensis","A","TEAMS_BCI","G",1,949.99,1,0,1.9,-999,1
"Cebus capucinus","A","TEAMS_BCI","Ar",6,2733.32,0,1,1.01,-999,18.15
"Metachirus nudicaudatus","A","TEAMS_BCI","S",5,375,1,0,3.87,-999,1
"Marmosa robinsoni","A","TEAMS_BCI","Ar",5,56.67,1,0,9.5,-999,1
"Didelphis marsupialis","B","TEAMS_BCI","S",4,1091.16,1,0,7.09,-999,1
"Odocoileus virginianus","B","TEAMS_BCI","G",2,55508.56,1,0,1.57,-999,2.25
"Nasua narica","B","TEAMS_BCI","S",3,4030.05,0,1,4,-999,-999
"Pecari tajacu","B","TEAMS_BCI","G",4,21266.69,1,0,1.56,11.65,20
"Leopardus pardalis","B","TEAMS_BCI","G",3,11900.08,1,0,1.66,-999,-999
"Tamandua mexicana","B","TEAMS_BCI","S",1,4209.98,1,1,-999,-999,1
"Mazama temama","B","TEAMS_BCI","G",2,18809.87,1,1,-999,-999,-999
"Dasypus novemcinctus","B","TEAMS_BCI","G",1,4203.78,1,0,3.96,-999,1
"Eira barbara","B","TEAMS_BCI","G",2,3910.03,1,1,2.14,-999,-999
"Cabassous centralis","B","TEAMS_BCI","G",1,3809.96,1,0,1,-999,1
"Procyon cancrivorus","B","TEAMS_BCI","G",5,6949.92,1,0,2.62,-999,-999
"Philander opossum","B","TEAMS_BCI","S",5,585.5,1,1,4.75,-999,1
"Tapirus bairdii","B","TEAMS_BCI","G",1,299999.13,1,0,1,-999,1
"Alouatta palliata","B","TEAMS_BCI","Ar",2,7274.95,0,1,1.02,-999,13.1
"Leopardus wiedii","B","TEAMS_BCI","S",2,3249.97,1,0,1.5,-999,-999
"Galictis vittata","B","TEAMS_BCI","G",5,3200,1,1,-999,-999,-999
"Canis latrans","B","TEAMS_BCI","G",3,13406.33,1,0,5.72,-999,-999
"Urocyon cinereoargenteus","C","TEAMS_BCI","G",5,3833.72,1,0,3.71,-999,-999
"Cuniculus paca","C","TEAMS_BCI","G",3,8172.55,1,0,1.01,-999,1
"Choloepus hoffmanni","C","TEAMS_BCI","Ar",2,4750.01,1,0,1,-999,1
"Panthera onca","C","TEAMS_BCI","G",3,1e+05,1,1,1.96,1,1
"Bradypus variegatus","C","TEAMS_BCI","Ar",1,4335.01,1,1,1,-999,1
"Speothos venaticus","C","TEAMS_BCI","G",1,5999.98,0,1,3.8,-999,-999
"Potos flavus","C","TEAMS_BCI","Ar",3,3000,1,0,1.11,-999,1
"Ateles geoffroyi","C","TEAMS_BCI","Ar",5,5284.94,0,1,1.01,-999,42
"Dasyprocta punctata","C","TEAMS_BCI","G",3,2674.98,0,1,1.25,-999,1
"Procyon lotor","C","TEAMS_BCI","G",4,5524.97,1,0,3.06,-999,-999
"Chironectes minimus","C","TEAMS_BCI","G",3,946,1,0,3.24,-999,1
"Lontra longicaudis","C","TEAMS_BCI","G",3,6554.96,1,0,3.69,-999,-999
"Hydrochoerus isthmius","C","TEAMS_BCI","G",2,21267.32,0,1,4.99,-999,-999
"Cercopithecus lhoesti","A","TEAMS_BIF","Ar",4,5375.02,0,1,1,-999,17.4
"Genetta genetta","A","TEAMS_BIF","Ar",3,1800,1,0,2.29,-999,-999
"Canis lupus","A","TEAMS_BIF","G",1,32183.33,1,0,4.98,-999,-999
"Genetta tigrina","A","TEAMS_BIF","Ar",3,2225,1,0,2.76,-999,-999
"Genetta victoriae","A","TEAMS_BIF","Ar",3,2999.99,1,0,-999,-999,-999
"Colobus angolensis","A","TEAMS_BIF","Ar",2,9850,0,1,1.01,9,10.9
"Cephalophus nigrifrons","B","TEAMS_BIF","G",3,13899.85,1,0,-999,-999,-999
"Cephalophus silvicultor","B","TEAMS_BIF","G",3,72500.33,1,0,1,-999,1
"Canis adustus","B","TEAMS_BIF","G",4,10249.91,1,0,4.5,-999,-999
"Mellivora capensis","B","TEAMS_BIF","G",5,8500,0,1,2.35,-999,-999
"Potamochoerus larvatus","B","TEAMS_BIF","G",4,48781.25,1,0,2.73,7.2,8
"Atilax paludinosus","B","TEAMS_BIF","G",4,3299.97,1,0,2,-999,-999
"Tragelaphus spekii","B","TEAMS_BIF","G",1,77999.17,1,1,1,-999,6
"Genetta servalina","B","TEAMS_BIF","Ar",3,1054.99,1,0,1.5,-999,-999
"Gorilla beringei","B","TEAMS_BIF","G",2,149325.19,0,1,-999,-999,-999
"Pan troglodytes","B","TEAMS_BIF","S",3,42500,0,1,1.05,45,50
"Civettictis civetta","B","TEAMS_BIF","G",6,11999.97,1,0,2.31,-999,-999
"Papio anubis","B","TEAMS_BIF","G",4,17728.56,0,1,1.01,44.5,40
"Nandinia binotata","B","TEAMS_BIF","Ar",3,2000,1,0,1.84,-999,-999
"Loxodonta africana","B","TEAMS_BIF","G",1,3940034.28,1,1,0.84,-999,19.5
"Cephalophus weynsi","B","TEAMS_BIF","G",3,17000,1,0,-999,-999,-999
"Cercopithecus mitis","B","TEAMS_BIF","Ar",4,5000,0,1,1,-999,16
"Tragelaphus scriptus","B","TEAMS_BIF","G",1,43250.39,1,1,1,-999,1
"Leptailurus serval","B","TEAMS_BIF","G",1,11999.97,1,0,2.35,-999,-999
"Colobus guereza","B","TEAMS_BIF","Ar",2,10600,0,1,1,7,7.6
"Dendrohyrax dorsalis","C","TEAMS_BIF","Ar",2,3175,1,0,1.22,1,1
"Chlorocebus tantalus","C","TEAMS_BIF","S",3,4993,0,1,-999,-999,-999
"Dendrohyrax arboreus","C","TEAMS_BIF","Ar",2,2949.99,1,0,1.51,-999,1
"Atherurus africanus","C","TEAMS_BIF","G",2,1934,1,0,1.5,-999,1
"Orycteropus afer","C","TEAMS_BIF","G",1,52350.4,1,0,1.1,-999,1
"Kobus ellipsiprymnus","C","TEAMS_BIF","G",1,210000.34,1,1,1,-999,12
"Cercopithecus ascanius","C","TEAMS_BIF","Ar",5,3550,0,1,1.01,34,26.3
"Ceratotherium simum","C","TEAMS_BIF","G",1,2949986.31,1,1,1,3.75,3.75
"Ichneumia albicauda","C","TEAMS_BIF","G",4,3500.02,1,0,2.35,-999,-999
"Protoxerus stangeri","C","TEAMS_BIF","S",2,621.5,0,1,1.47,-999,-999
"Hystrix africaeaustralis","C","TEAMS_BIF","G",2,14936.02,1,0,1.51,-999,1.5
"Philantomba monticola","C","TEAMS_BIF","G",3,4896.05,1,0,0.98,-999,1.9
"Syncerus caffer","C","TEAMS_BIF","G",1,580002.68,1,0,1.08,3000,12
"Phacochoerus africanus","C","TEAMS_BIF","G",3,82500,1,0,-999,-999,-999
"Ictonyx striatus","C","TEAMS_BIF","G",4,1299.99,1,0,2.3,-999,-999
"Otolemur crassicaudatus","C","TEAMS_BIF","Ar",3,1500,1,0,1.14,-999,3.5
"Cricetomys emini","C","TEAMS_BIF","G",4,1299.99,1,0,0.97,-999,-999
"Hystrix cristata","C","TEAMS_BIF","G",2,16250,1,0,1.73,-999,-999
"Damaliscus lunatus","C","TEAMS_BIF","G",1,136000.34,0,1,0.98,-999,3.6
"Hylochoerus meinertzhageni","C","TEAMS_BIF","G",1,188500,1,0,4,-999,10
"Lophocebus albigena","C","TEAMS_BIF","Ar",2,7690.06,0,1,1.01,17,16
"Herpestes ichneumon","C","TEAMS_BIF","G",5,5174.98,1,1,3,-999,-999
"Thryonomys gregorianus","C","TEAMS_BIF","G",3,2707.14,1,0,2.91,-999,1
"Genetta maculata","C","TEAMS_BIF","Ar",3,2225,1,0,2.12,-999,-999
"Anomalurus derbianus","C","TEAMS_BIF","Ar",4,649.99,1,0,1,-999,1
"Procavia capensis","C","TEAMS_BIF","G",1,3029.98,0,1,2.5,47,17
"Sylvicapra grimmia","C","TEAMS_BIF","G",3,19499.79,1,0,0.98,-999,1
"Crocuta crocuta","C","TEAMS_BIF","G",1,66492.06,1,0,1.91,-999,-999
"Mungos mungo","C","TEAMS_BIF","G",2,1925,0,1,2.68,-999,-999
"Hydrictis maculicollis","C","TEAMS_BIF","G",3,4180.53,1,1,2,-999,-999
"Potamogale velox","C","TEAMS_BIF","G",3,659.99,1,0,2.5,1,1
"Thryonomys swinderianus","C","TEAMS_BIF","G",3,3180.02,1,0,3.88,-999,1
"Metachirus nudicaudatus","A","TEAMS_CAX","S",5,375,1,0,3.87,-999,1
"Atelocynus microtis","A","TEAMS_CAX","G",2,7749.97,1,0,-999,-999,1
"Cebus apella","A","TEAMS_CAX","Ar",6,2500,0,1,1.05,-999,7.9
"Mazama nana","A","TEAMS_CAX","G",2,16499.85,1,1,-999,-999,-999
"Mazama americana","B","TEAMS_CAX","G",2,22799.75,1,1,1.22,-999,1
"Didelphis marsupialis","B","TEAMS_CAX","S",4,1091.16,1,0,7.09,-999,1
"Eira barbara","B","TEAMS_CAX","G",2,3910.03,1,1,2.14,-999,-999
"Leopardus pardalis","B","TEAMS_CAX","G",3,11900.08,1,0,1.66,-999,-999
"Tapirus terrestris","B","TEAMS_CAX","G",1,207500.91,1,0,1,-999,1
"Puma concolor","B","TEAMS_CAX","G",1,51600.04,1,1,2.76,-999,1
"Pecari tajacu","B","TEAMS_CAX","G",4,21266.69,1,0,1.56,11.65,20
"Dasypus kappleri","B","TEAMS_CAX","G",1,9500,1,0,4.47,-999,1
"Dasypus novemcinctus","B","TEAMS_CAX","G",1,4203.78,1,0,3.96,-999,1
"Myrmecophaga tridactyla","B","TEAMS_CAX","G",1,22333.15,1,1,1,1,1
"Tamandua tetradactyla","B","TEAMS_CAX","S",1,5515.06,1,1,1,-999,1
"Leopardus wiedii","B","TEAMS_CAX","S",2,3249.97,1,0,1.5,-999,-999
"Panthera onca","B","TEAMS_CAX","G",3,1e+05,1,1,1.96,1,1
"Nasua nasua","B","TEAMS_CAX","S",3,3793.85,0,1,3.69,-999,-999
"Cabassous unicinctus","B","TEAMS_CAX","G",1,4799.99,1,0,1,-999,1
"Priodontes maximus","B","TEAMS_CAX","G",2,45359.68,1,0,1.5,-999,1
"Tayassu pecari","B","TEAMS_CAX","G",5,32233.69,1,0,2,102.5,102.5
"Coendou prehensilis","C","TEAMS_CAX","Ar",2,4399.97,1,0,0.98,-999,1
"Dasypus septemcinctus","C","TEAMS_CAX","G",1,1526.65,1,0,5.99,-999,-999
"Sciurus gilvigularis","C","TEAMS_CAX","Ar",3,803.01,0,1,-999,-999,-999
"Myoprocta pratti","C","TEAMS_CAX","G",3,966.73,0,1,1.77,-999,-999
"Mustela africana","C","TEAMS_CAX","G",2,536.99,1,1,-999,-999,-999
"Alouatta belzebul","C","TEAMS_CAX","Ar",2,6400,0,1,-999,-999,7.4
"Cuniculus paca","C","TEAMS_CAX","G",3,8172.55,1,0,1.01,-999,1
"Euphractus sexcinctus","C","TEAMS_CAX","G",2,4782.89,1,1,1.73,-999,1
"Echimys chrysurus","C","TEAMS_CAX","Ar",2,652.5,1,0,1.94,-999,1
"Leopardus tigrinus","C","TEAMS_CAX","S",1,2250,1,1,-999,-999,-999
"Aotus azarae","C","TEAMS_CAX","Ar",6,929.57,1,0,1,-999,4.1
"Choloepus didactylus","C","TEAMS_CAX","Ar",2,5160,1,0,1,-999,1
"Bradypus variegatus","C","TEAMS_CAX","Ar",1,4335.01,1,1,1,-999,1
"Speothos venaticus","C","TEAMS_CAX","G",1,5999.98,0,1,3.8,-999,-999
"Potos flavus","C","TEAMS_CAX","Ar",3,3000,1,0,1.11,-999,1
"Galictis vittata","C","TEAMS_CAX","G",5,3200,1,1,-999,-999,-999
"Philander opossum","C","TEAMS_CAX","S",5,585.5,1,1,4.75,-999,1
"Chiropotes utahickae","C","TEAMS_CAX","Ar",3,2949.58,0,1,-999,-999,-999
"Coendou nycthemera","C","TEAMS_CAX","Ar",2,2999.98,1,0,-999,-999,-999
"Hydrochoerus hydrochaeris","C","TEAMS_CAX","G",2,48144.91,0,1,3.49,-999,10
"Lontra longicaudis","C","TEAMS_CAX","G",3,6554.96,1,0,3.69,-999,-999
"Pteronura brasiliensis","C","TEAMS_CAX","G",2,23999.93,0,1,2.12,-999,-999
"Procyon cancrivorus","C","TEAMS_CAX","G",5,6949.92,1,0,2.62,-999,-999
"Dasypus kappleri","A","TEAMS_COU","G",1,9500,1,0,4.47,-999,1
"Sylvilagus brasiliensis","A","TEAMS_COU","G",1,949.99,1,0,1.9,-999,1
"Cebus albifrons","A","TEAMS_COU","Ar",6,2629,0,1,1.01,-999,25
"Cebus apella","A","TEAMS_COU","Ar",6,2500,0,1,1.05,-999,7.9
"Monodelphis glirina","A","TEAMS_COU","G",5,61.54,1,0,-999,-999,-999
"Saguinus fuscicollis","A","TEAMS_COU","Ar",3,387,0,1,1.83,-999,6
"Saimiri sciureus","A","TEAMS_COU","Ar",5,743.24,0,1,1,-999,34.85
"Didelphis virginiana","A","TEAMS_COU","S",4,2195.48,1,0,8.62,-999,1
"Mazama americana","B","TEAMS_COU","G",2,22799.75,1,1,1.22,-999,1
"Leopardus pardalis","B","TEAMS_COU","G",3,11900.08,1,0,1.66,-999,-999
"Pecari tajacu","B","TEAMS_COU","G",4,21266.69,1,0,1.56,11.65,20
"Panthera onca","B","TEAMS_COU","G",3,1e+05,1,1,1.96,1,1
"Tapirus terrestris","B","TEAMS_COU","G",1,207500.91,1,0,1,-999,1
"Myrmecophaga tridactyla","B","TEAMS_COU","G",1,22333.15,1,1,1,1,1
"Priodontes maximus","B","TEAMS_COU","G",2,45359.68,1,0,1.5,-999,1
"Dasypus novemcinctus","B","TEAMS_COU","G",1,4203.78,1,0,3.96,-999,1
"Puma concolor","B","TEAMS_COU","G",1,51600.04,1,1,2.76,-999,1
"Tayassu pecari","B","TEAMS_COU","G",5,32233.69,1,0,2,102.5,102.5
"Didelphis marsupialis","B","TEAMS_COU","S",4,1091.16,1,0,7.09,-999,1
"Nasua nasua","B","TEAMS_COU","S",3,3793.85,0,1,3.69,-999,-999
"Tamandua tetradactyla","B","TEAMS_COU","S",1,5515.06,1,1,1,-999,1
"Atelocynus microtis","B","TEAMS_COU","G",2,7749.97,1,0,-999,-999,1
"Procyon cancrivorus","B","TEAMS_COU","G",5,6949.92,1,0,2.62,-999,-999
"Leopardus wiedii","B","TEAMS_COU","S",2,3249.97,1,0,1.5,-999,-999
"Eira barbara","B","TEAMS_COU","G",2,3910.03,1,1,2.14,-999,-999
"Saimiri boliviensis","B","TEAMS_COU","Ar",5,615.01,0,1,1.02,-999,60
"Philander opossum","B","TEAMS_COU","S",5,585.5,1,1,4.75,-999,1
"Pteronura brasiliensis","B","TEAMS_COU","G",2,23999.93,0,1,2.12,-999,-999
"Leopardus tigrinus","B","TEAMS_COU","S",1,2250,1,1,-999,-999,-999
"Ateles chamek","B","TEAMS_COU","Ar",5,5999.98,0,1,-999,-999,-999
"Lontra longicaudis","B","TEAMS_COU","G",3,6554.96,1,0,3.69,-999,-999
"Pithecia irrorata","C","TEAMS_COU","Ar",4,2240.99,0,1,-999,-999,4.4
"Coendou prehensilis","C","TEAMS_COU","Ar",2,4399.97,1,0,0.98,-999,1
"Mazama chunyi","C","TEAMS_COU","G",2,16499.85,1,1,1.5,-999,-999
"Mustela africana","C","TEAMS_COU","G",2,536.99,1,1,-999,-999,-999
"Alouatta seniculus","C","TEAMS_COU","Ar",2,6145.54,0,1,1.42,-999,7.9
"Cuniculus paca","C","TEAMS_COU","G",3,8172.55,1,0,1.01,-999,1
"Sciurus igniventris","C","TEAMS_COU","Ar",3,700,0,1,-999,-999,1
"Dactylomys boliviensis","C","TEAMS_COU","Ar",1,728.8,1,0,-999,-999,-999
"Choloepus hoffmanni","C","TEAMS_COU","Ar",2,4750.01,1,0,1,-999,1
"Odocoileus virginianus","C","TEAMS_COU","G",2,55508.56,1,0,1.57,-999,2.25
"Bradypus variegatus","C","TEAMS_COU","Ar",1,4335.01,1,1,1,-999,1
"Cabassous unicinctus","C","TEAMS_COU","G",1,4799.99,1,0,1,-999,1
"Speothos venaticus","C","TEAMS_COU","G",1,5999.98,0,1,3.8,-999,-999
"Potos flavus","C","TEAMS_COU","Ar",3,3000,1,0,1.11,-999,1
"Aotus nigriceps","C","TEAMS_COU","Ar",6,1060.01,1,0,-999,-999,3.3
"Bassaricyon alleni","C","TEAMS_COU","Ar",3,1235.01,1,0,-999,-999,-999
"Galictis vittata","C","TEAMS_COU","G",5,3200,1,1,-999,-999,-999
"Coendou bicolor","C","TEAMS_COU","Ar",2,4050.05,1,0,1,-999,2
"Dinomys branickii","C","TEAMS_COU","G",2,12500,1,0,1.97,-999,-999
"Chironectes minimus","C","TEAMS_COU","G",3,946,1,0,3.24,-999,1
"Hydrochoerus hydrochaeris","C","TEAMS_COU","G",2,48144.91,0,1,3.49,-999,10
"Metachirus nudicaudatus","A","TEAMS_CSN","S",5,375,1,0,3.87,-999,1
"Marmosa murina","A","TEAMS_CSN","Ar",5,26,1,0,8.4,-999,1
"Monodelphis brevicaudata","A","TEAMS_CSN","G",5,69.63,1,0,7.24,-999,1
"Puma concolor","B","TEAMS_CSN","G",1,51600.04,1,1,2.76,-999,1
"Pecari tajacu","B","TEAMS_CSN","G",4,21266.69,1,0,1.56,11.65,20
"Mazama americana","B","TEAMS_CSN","G",2,22799.75,1,1,1.22,-999,1
"Dasypus novemcinctus","B","TEAMS_CSN","G",1,4203.78,1,0,3.96,-999,1
"Myrmecophaga tridactyla","B","TEAMS_CSN","G",1,22333.15,1,1,1,1,1
"Leopardus pardalis","B","TEAMS_CSN","G",3,11900.08,1,0,1.66,-999,-999
"Priodontes maximus","B","TEAMS_CSN","G",2,45359.68,1,0,1.5,-999,1
"Dasypus kappleri","B","TEAMS_CSN","G",1,9500,1,0,4.47,-999,1
"Tapirus terrestris","B","TEAMS_CSN","G",1,207500.91,1,0,1,-999,1
"Leopardus wiedii","B","TEAMS_CSN","S",2,3249.97,1,0,1.5,-999,-999
"Philander opossum","B","TEAMS_CSN","S",5,585.5,1,1,4.75,-999,1
"Panthera onca","B","TEAMS_CSN","G",3,1e+05,1,1,1.96,1,1
"Didelphis marsupialis","B","TEAMS_CSN","S",4,1091.16,1,0,7.09,-999,1
"Nasua nasua","B","TEAMS_CSN","S",3,3793.85,0,1,3.69,-999,-999
"Tayassu pecari","B","TEAMS_CSN","G",5,32233.69,1,0,2,102.5,102.5
"Eira barbara","B","TEAMS_CSN","G",2,3910.03,1,1,2.14,-999,-999
"Tamandua tetradactyla","B","TEAMS_CSN","S",1,5515.06,1,1,1,-999,1
"Odocoileus virginianus","B","TEAMS_CSN","G",2,55508.56,1,0,1.57,-999,2.25
"Procyon cancrivorus","B","TEAMS_CSN","G",5,6949.92,1,0,2.62,-999,-999
"Saimiri sciureus","B","TEAMS_CSN","Ar",5,743.24,0,1,1,-999,34.85
"Leopardus tigrinus","B","TEAMS_CSN","S",1,2250,1,1,-999,-999,-999
"Speothos venaticus","B","TEAMS_CSN","G",1,5999.98,0,1,3.8,-999,-999
"Cabassous unicinctus","B","TEAMS_CSN","G",1,4799.99,1,0,1,-999,1
"Coendou prehensilis","C","TEAMS_CSN","Ar",2,4399.97,1,0,0.98,-999,1
"Lutreolina crassicaudata","C","TEAMS_CSN","S",4,537.3,1,0,7.71,-999,-999
"Alouatta macconnelli","C","TEAMS_CSN","Ar",2,6320.06,0,1,-999,-999,-999
"Mustela africana","C","TEAMS_CSN","G",2,536.99,1,1,-999,-999,-999
"Chiropotes chiropotes","C","TEAMS_CSN","Ar",3,2949.58,0,1,-999,-999,-999
"Pithecia pithecia","C","TEAMS_CSN","Ar",4,1375.5,0,1,1.01,-999,2.7
"Didelphis imperfecta","C","TEAMS_CSN","S",2,1260.04,1,0,-999,-999,-999
"Cuniculus paca","C","TEAMS_CSN","G",3,8172.55,1,0,1.01,-999,1
"Cavia aperea","C","TEAMS_CSN","G",1,549,0,0,2.14,-999,-999
"Myoprocta acouchy","C","TEAMS_CSN","G",3,600,0,1,1.97,-999,2
"Ateles paniscus","C","TEAMS_CSN","Ar",5,7900.05,0,1,1,-999,20
"Echimys chrysurus","C","TEAMS_CSN","Ar",2,652.5,1,0,1.94,-999,1
"Choloepus didactylus","C","TEAMS_CSN","Ar",2,5160,1,0,1,-999,1
"Dasyprocta leporina","C","TEAMS_CSN","G",3,3020.02,0,1,1.4,-999,-999
"Potos flavus","C","TEAMS_CSN","Ar",3,3000,1,0,1.11,-999,1
"Galictis vittata","C","TEAMS_CSN","G",5,3200,1,1,-999,-999,-999
"Bradypus tridactylus","C","TEAMS_CSN","Ar",1,3849.99,1,1,1,-999,1
"Saguinus midas","C","TEAMS_CSN","Ar",3,540,0,1,2.02,-999,5.55
"Cerdocyon thous","C","TEAMS_CSN","G",3,5239.98,1,0,3.09,-999,-999
"Chironectes minimus","C","TEAMS_CSN","G",3,946,1,0,3.24,-999,1
"Hydrochoerus hydrochaeris","C","TEAMS_CSN","G",2,48144.91,0,1,3.49,-999,10
"Lontra longicaudis","C","TEAMS_CSN","G",3,6554.96,1,0,3.69,-999,-999
"Pteronura brasiliensis","C","TEAMS_CSN","G",2,23999.93,0,1,2.12,-999,-999
"Genetta servalina","A","TEAMS_KRP","Ar",3,1054.99,1,0,1.5,-999,-999
"Crossarchus obscurus","A","TEAMS_KRP","G",3,1250,1,1,4.29,-999,-999
"Euoticus pallidus","A","TEAMS_KRP","Ar",3,230,1,0,-999,-999,-999
"Philantomba monticola","B","TEAMS_KRP","G",3,4896.05,1,0,0.98,-999,1.9
"Mandrillus leucophaeus","B","TEAMS_KRP","S",5,14999.96,0,1,1.01,22.5,17
"Potamochoerus porcus","B","TEAMS_KRP","G",4,70000.32,1,0,3,28.5,10.56
"Loxodonta africana","B","TEAMS_KRP","G",1,3940034.28,1,1,0.84,-999,19.5
"Herpestes naso","B","TEAMS_KRP","G",5,2999.99,1,1,-999,-999,-999
"Cephalophus ogilbyi","B","TEAMS_KRP","G",3,20000,1,0,1,-999,-999
"Cercocebus torquatus","B","TEAMS_KRP","Ar",3,7749.97,0,1,1.01,21.1,26.85
"Nandinia binotata","B","TEAMS_KRP","Ar",3,2000,1,0,1.84,-999,-999
"Cercopithecus nictitans","B","TEAMS_KRP","Ar",5,5803.34,0,1,1,13.9,16
"Hyemoschus aquaticus","B","TEAMS_KRP","G",1,10850.01,0,1,1.22,-999,1
"Cephalophus silvicultor","B","TEAMS_KRP","G",3,72500.33,1,0,1,-999,1
"Bdeogale nigripes","B","TEAMS_KRP","G",3,2500,1,0,1,-999,-999
"Civettictis civetta","B","TEAMS_KRP","G",6,11999.97,1,0,2.31,-999,-999
"Atilax paludinosus","B","TEAMS_KRP","G",4,3299.97,1,0,2,-999,-999
"Pan troglodytes","B","TEAMS_KRP","S",3,42500,0,1,1.05,45,50
"Cercopithecus mona","B","TEAMS_KRP","Ar",5,4208.33,0,1,1,-999,-999
"Genetta cristata","C","TEAMS_KRP","Ar",3,1863.23,1,0,2.5,-999,-999
"Dendrohyrax dorsalis","C","TEAMS_KRP","Ar",2,3175,1,0,1.22,1,1
"Atherurus africanus","C","TEAMS_KRP","G",2,1934,1,0,1.5,-999,1
"Cephalophus dorsalis","C","TEAMS_KRP","G",3,20000,1,0,1,-999,1
"Protoxerus stangeri","C","TEAMS_KRP","S",2,621.5,0,1,1.47,-999,-999
"Xerus erythropus","C","TEAMS_KRP","G",5,502.4,0,1,3.45,-999,-999
"Syncerus caffer","C","TEAMS_KRP","G",1,580002.68,1,0,1.08,3000,12
"Piliocolobus preussi","C","TEAMS_KRP","Ar",2,8865.71,0,1,1.01,55,40
"Genetta thierryi","C","TEAMS_KRP","Ar",3,1400.01,1,0,-999,-999,-999
"Cricetomys emini","C","TEAMS_KRP","G",4,1299.99,1,0,0.97,-999,-999
"Tragelaphus scriptus","C","TEAMS_KRP","G",1,43250.39,1,1,1,-999,1
"Cercopithecus erythrotis","C","TEAMS_KRP","Ar",5,3918.33,0,1,1.02,-999,-999
"Herpestes ichneumon","C","TEAMS_KRP","G",5,5174.98,1,1,3,-999,-999
"Genetta maculata","C","TEAMS_KRP","Ar",3,2225,1,0,2.12,-999,-999
"Anomalurus derbianus","C","TEAMS_KRP","Ar",4,649.99,1,0,1,-999,1
"Mellivora capensis","C","TEAMS_KRP","G",5,8500,0,1,2.35,-999,-999
"Crossarchus platycephalus","C","TEAMS_KRP","G",2,1250,1,1,-999,-999,-999
"Aonyx capensis","C","TEAMS_KRP","G",2,18999.84,1,0,2.62,-999,-999
"Hippopotamus amphibius","C","TEAMS_KRP","G",1,1417489.99,1,0,1,585,585
"Hydrictis maculicollis","C","TEAMS_KRP","G",3,4180.53,1,1,2,-999,-999
"Potamogale velox","C","TEAMS_KRP","G",3,659.99,1,0,2.5,1,1
"Thryonomys swinderianus","C","TEAMS_KRP","G",3,3180.02,1,0,3.88,-999,1
"Tragelaphus spekii","C","TEAMS_KRP","G",1,77999.17,1,1,1,-999,6
"Metachirus nudicaudatus","A","TEAMS_MAS","S",5,375,1,0,3.87,-999,1
"Pithecia pithecia","A","TEAMS_MAS","Ar",4,1375.5,0,1,1.01,-999,2.7
"Leopardus pardalis","B","TEAMS_MAS","G",3,11900.08,1,0,1.66,-999,-999
"Mazama americana","B","TEAMS_MAS","G",2,22799.75,1,1,1.22,-999,1
"Dasypus novemcinctus","B","TEAMS_MAS","G",1,4203.78,1,0,3.96,-999,1
"Didelphis marsupialis","B","TEAMS_MAS","S",4,1091.16,1,0,7.09,-999,1
"Eira barbara","B","TEAMS_MAS","G",2,3910.03,1,1,2.14,-999,-999
"Tamandua tetradactyla","B","TEAMS_MAS","S",1,5515.06,1,1,1,-999,1
"Pecari tajacu","B","TEAMS_MAS","G",4,21266.69,1,0,1.56,11.65,20
"Panthera onca","B","TEAMS_MAS","G",3,1e+05,1,1,1.96,1,1
"Tapirus terrestris","B","TEAMS_MAS","G",1,207500.91,1,0,1,-999,1
"Nasua nasua","B","TEAMS_MAS","S",3,3793.85,0,1,3.69,-999,-999
"Philander opossum","B","TEAMS_MAS","S",5,585.5,1,1,4.75,-999,1
"Myrmecophaga tridactyla","B","TEAMS_MAS","G",1,22333.15,1,1,1,1,1
"Tayassu pecari","B","TEAMS_MAS","G",5,32233.69,1,0,2,102.5,102.5
"Puma concolor","B","TEAMS_MAS","G",1,51600.04,1,1,2.76,-999,1
"Leopardus wiedii","B","TEAMS_MAS","S",2,3249.97,1,0,1.5,-999,-999
"Cabassous unicinctus","B","TEAMS_MAS","G",1,4799.99,1,0,1,-999,1
"Coendou prehensilis","C","TEAMS_MAS","Ar",2,4399.97,1,0,0.98,-999,1
"Sciurus gilvigularis","C","TEAMS_MAS","Ar",3,803.01,0,1,-999,-999,-999
"Alouatta macconnelli","C","TEAMS_MAS","Ar",2,6320.06,0,1,-999,-999,-999
"Mustela africana","C","TEAMS_MAS","G",2,536.99,1,1,-999,-999,-999
"Chiropotes chiropotes","C","TEAMS_MAS","Ar",3,2949.58,0,1,-999,-999,-999
"Cuniculus paca","C","TEAMS_MAS","G",3,8172.55,1,0,1.01,-999,1
"Atelocynus microtis","C","TEAMS_MAS","G",2,7749.97,1,0,-999,-999,1
"Myoprocta acouchy","C","TEAMS_MAS","G",3,600,0,1,1.97,-999,2
"Ateles paniscus","C","TEAMS_MAS","Ar",5,7900.05,0,1,1,-999,20
"Odocoileus virginianus","C","TEAMS_MAS","G",2,55508.56,1,0,1.57,-999,2.25
"Echimys chrysurus","C","TEAMS_MAS","Ar",2,652.5,1,0,1.94,-999,1
"Leopardus tigrinus","C","TEAMS_MAS","S",1,2250,1,1,-999,-999,-999
"Choloepus didactylus","C","TEAMS_MAS","Ar",2,5160,1,0,1,-999,1
"Speothos venaticus","C","TEAMS_MAS","G",1,5999.98,0,1,3.8,-999,-999
"Dasyprocta leporina","C","TEAMS_MAS","G",3,3020.02,0,1,1.4,-999,-999
"Potos flavus","C","TEAMS_MAS","Ar",3,3000,1,0,1.11,-999,1
"Aotus trivirgatus","C","TEAMS_MAS","Ar",6,899.99,1,0,1.06,-999,3.15
"Priodontes maximus","C","TEAMS_MAS","G",2,45359.68,1,0,1.5,-999,1
"Dasypus kappleri","C","TEAMS_MAS","G",1,9500,1,0,4.47,-999,1
"Bassaricyon alleni","C","TEAMS_MAS","Ar",3,1235.01,1,0,-999,-999,-999
"Galictis vittata","C","TEAMS_MAS","G",5,3200,1,1,-999,-999,-999
"Dactylomys dactylinus","C","TEAMS_MAS","Ar",1,649.99,1,0,-999,-999,2
"Bradypus tridactylus","C","TEAMS_MAS","Ar",1,3849.99,1,1,1,-999,1
"Saimiri sciureus","C","TEAMS_MAS","Ar",5,743.24,0,1,1,-999,34.85
"Saguinus midas","C","TEAMS_MAS","Ar",3,540,0,1,2.02,-999,5.55
"Hydrochoerus hydrochaeris","C","TEAMS_MAS","G",2,48144.91,0,1,3.49,-999,10
"Lontra longicaudis","C","TEAMS_MAS","G",3,6554.96,1,0,3.69,-999,-999
"Pteronura brasiliensis","C","TEAMS_MAS","G",2,23999.93,0,1,2.12,-999,-999
"Procyon cancrivorus","C","TEAMS_MAS","G",5,6949.92,1,0,2.62,-999,-999
"Muntiacus muntjak","A","TEAMS_NAK","G",2,15925.79,1,1,1,-999,-999
"Capricornis milneedwardsii","A","TEAMS_NAK","G",1,69093.52,0,1,-999,-999,-999
"Herpestes urva","A","TEAMS_NAK","G",5,1863.2,1,1,3,-999,-999
"Tragulus javanicus","A","TEAMS_NAK","G",2,2775,1,0,0.98,-999,1
"Paradoxurus hermaphroditus","B","TEAMS_NAK","Ar",4,3156.66,1,0,3.29,-999,-999
"Sus scrofa","B","TEAMS_NAK","G",5,96118.09,1,0,4.52,-999,13
"Tragulus kanchil","B","TEAMS_NAK","G",2,3706.24,1,0,-999,-999,-999
"Pardofelis marmorata","B","TEAMS_NAK","S",1,2854.25,1,0,2,-999,-999
"Prionailurus bengalensis","B","TEAMS_NAK","S",3,3300,1,1,2.5,-999,-999
"Macaca leonina","B","TEAMS_NAK","S",3,5786.96,0,1,-999,-999,-999
"Martes flavigula","B","TEAMS_NAK","Ar",5,1842.5,0,1,3.53,-999,-999
"Melogale moschata","B","TEAMS_NAK","G",3,805.25,1,0,2,-999,-999
"Arctonyx collaris","B","TEAMS_NAK","G",5,6356,1,0,3,-999,-999
"Arctictis binturong","B","TEAMS_NAK","Ar",5,9875,1,0,2.5,-999,-999
"Melogale personata","B","TEAMS_NAK","G",3,1702.5,1,0,2.5,-999,-999
"Macaca assamensis","B","TEAMS_NAK","S",4,12000,0,1,-999,-999,21
"Macaca arctoides","B","TEAMS_NAK","S",4,5000,0,1,1.01,-999,-999
"Viverra zibetha","B","TEAMS_NAK","G",6,9500,1,1,2.89,-999,-999
"Catopuma temminckii","B","TEAMS_NAK","G",2,11500,1,0,1.5,-999,-999
"Cuon alpinus","B","TEAMS_NAK","G",2,14173.33,0,1,4.3,-999,-999
"Manis javanica","B","TEAMS_NAK","Ar",1,5150,1,0,1,-999,-999
"Prionodon pardicolor","B","TEAMS_NAK","S",3,512,1,0,2,-999,-999
"Helarctos malayanus","B","TEAMS_NAK","G",4,46500,1,0,1.1,-999,-999
"Manis pentadactyla","C","TEAMS_NAK","S",1,4675,1,0,1,-999,1
"Rhizomys pruinosus","C","TEAMS_NAK","G",3,2450,1,0,3,-999,-999
"Hystrix brachyura","C","TEAMS_NAK","G",2,8450,1,0,1.41,1,1
"Arctogalidia trivirgata","C","TEAMS_NAK","Ar",4,2250,1,0,2.79,-999,-999
"Paguma larvata","C","TEAMS_NAK","G",3,4300,1,0,2.16,-999,-999
"Canis aureus","C","TEAMS_NAK","G",6,10345.23,1,0,3.74,-999,-999
"Trachypithecus phayrei","C","TEAMS_NAK","Ar",2,8400,0,1,1,-999,12.9
"Nycticebus pygmaeus","C","TEAMS_NAK","Ar",4,900,1,0,1.75,-999,1
"Lepus peguensis","C","TEAMS_NAK","G",1,2267.5,1,0,-999,-999,-999
"Nycticebus bengalensis","C","TEAMS_NAK","Ar",4,1137.36,1,0,-999,-999,-999
"Pygathrix nemaeus","C","TEAMS_NAK","Ar",2,8310,0,1,1.01,9.3,9.3
"Atherurus macrourus","C","TEAMS_NAK","G",2,2000,1,0,1.5,-999,-999
"Muntiacus vuquangensis","C","TEAMS_NAK","G",2,36690.82,1,1,-999,-999,-999
"Macaca mulatta","C","TEAMS_NAK","S",4,3713,0,1,1.01,48.9,38.5
"Petaurista philippensis","C","TEAMS_NAK","Ar",4,1676,1,0,-999,-999,-999
"Ratufa bicolor","C","TEAMS_NAK","Ar",5,2050,0,1,1.5,-999,-999
"Mustela strigidorsa","C","TEAMS_NAK","G",1,1500,1,1,-999,-999,-999
"Nomascus siki","C","TEAMS_NAK","Ar",3,6850.16,0,1,-999,-999,-999
"Viverricula indica","C","TEAMS_NAK","G",5,2908.43,1,1,3.74,1.5,1.5
"Capricornis sumatraensis","C","TEAMS_NAK","G",1,110942.22,0,1,1.22,-999,-999
"Elephas maximus","C","TEAMS_NAK","G",1,2915040,1,1,1.41,-999,7.75
"Herpestes javanicus","C","TEAMS_NAK","G",5,750,1,1,2.21,-999,-999
"Nomascus leucogenys","C","TEAMS_NAK","Ar",3,7320,0,1,-999,-999,1
"Bandicota indica","C","TEAMS_NAK","G",2,719.96,1,0,6.12,-999,-999
"Trachypithecus laotum","C","TEAMS_NAK","Ar",2,8516.46,0,1,-999,-999,-999
"Rhizomys sumatrensis","C","TEAMS_NAK","G",3,1625,1,0,4,-999,-999
"Viverra megaspila","C","TEAMS_NAK","G",6,9250,1,1,-999,-999,-999
"Neofelis nebulosa","C","TEAMS_NAK","S",1,19675.75,0,1,2.25,1,1
"Ursus thibetanus","C","TEAMS_NAK","G",5,77500,0,1,1.5,-999,-999
"Rusa unicolor","C","TEAMS_NAK","G",2,177522.9,1,0,1,-999,-999
"Lutra lutra","C","TEAMS_NAK","G",4,8785.14,1,1,2.01,-999,-999
"Lutrogale perspicillata","C","TEAMS_NAK","G",4,9483.33,0,1,3.24,-999,-999
"Cephalophus callipygus","B","TEAMS_NNN","G",3,18249.88,1,0,-999,-999,-999
"Cephalophus dorsalis","B","TEAMS_NNN","G",3,20000,1,0,1,-999,1
"Potamochoerus porcus","B","TEAMS_NNN","G",4,70000.32,1,0,3,28.5,10.56
"Philantomba monticola","B","TEAMS_NNN","G",3,4896.05,1,0,0.98,-999,1.9
"Cephalophus silvicultor","B","TEAMS_NNN","G",3,72500.33,1,0,1,-999,1
"Pan troglodytes","B","TEAMS_NNN","S",3,42500,0,1,1.05,45,50
"Loxodonta africana","B","TEAMS_NNN","G",1,3940034.28,1,1,0.84,-999,19.5
"Orycteropus afer","B","TEAMS_NNN","G",1,52350.4,1,0,1.1,-999,1
"Herpestes naso","B","TEAMS_NNN","G",5,2999.99,1,1,-999,-999,-999
"Bdeogale nigripes","B","TEAMS_NNN","G",3,2500,1,0,1,-999,-999
"Cercocebus agilis","B","TEAMS_NNN","Ar",3,8000,0,1,-999,-999,-999
"Nandinia binotata","B","TEAMS_NNN","Ar",3,2000,1,0,1.84,-999,-999
"Genetta servalina","B","TEAMS_NNN","Ar",3,1054.99,1,0,1.5,-999,-999
"Panthera pardus","B","TEAMS_NNN","G",1,52038.22,1,0,2.14,1,1
"Hyemoschus aquaticus","B","TEAMS_NNN","G",1,10850.01,0,1,1.22,-999,1
"Tragelaphus eurycerus","B","TEAMS_NNN","G",1,329003.11,0,1,1,-999,13.5
"Syncerus caffer","B","TEAMS_NNN","G",1,580002.68,1,0,1.08,3000,12
"Cephalophus nigrifrons","B","TEAMS_NNN","G",3,13899.85,1,0,-999,-999,-999
"Atilax paludinosus","B","TEAMS_NNN","G",4,3299.97,1,0,2,-999,-999
"Mellivora capensis","B","TEAMS_NNN","G",5,8500,0,1,2.35,-999,-999
"Cercopithecus nictitans","B","TEAMS_NNN","Ar",5,5803.34,0,1,1,13.9,16
"Civettictis civetta","B","TEAMS_NNN","G",6,11999.97,1,0,2.31,-999,-999
"Cephalophus leucogaster","B","TEAMS_NNN","G",3,12699.89,1,0,1,-999,-999
"Hylochoerus meinertzhageni","B","TEAMS_NNN","G",1,188500,1,0,4,-999,10
"Tragelaphus spekii","B","TEAMS_NNN","G",1,77999.17,1,1,1,-999,6
"Cercopithecus cephus","B","TEAMS_NNN","Ar",5,3484.98,0,1,1.01,8,11
"Dendrohyrax dorsalis","C","TEAMS_NNN","Ar",2,3175,1,0,1.22,1,1
"Atherurus africanus","C","TEAMS_NNN","G",2,1934,1,0,1.5,-999,1
"Protoxerus stangeri","C","TEAMS_NNN","S",2,621.5,0,1,1.47,-999,-999
"Poiana richardsonii","C","TEAMS_NNN","Ar",4,500,1,0,2.23,-999,-999
"Cricetomys emini","C","TEAMS_NNN","G",4,1299.99,1,0,0.97,-999,-999
"Gorilla gorilla","C","TEAMS_NNN","G",2,131625.52,0,1,1.05,10,6
"Cercopithecus neglectus","C","TEAMS_NNN","Ar",5,5479.99,0,1,1.02,-999,4.5
"Lophocebus albigena","C","TEAMS_NNN","Ar",2,7690.06,0,1,1.01,17,16
"Colobus guereza","C","TEAMS_NNN","Ar",2,10600,0,1,1,7,7.6
"Genetta maculata","C","TEAMS_NNN","Ar",3,2225,1,0,2.12,-999,-999
"Anomalurus derbianus","C","TEAMS_NNN","Ar",4,649.99,1,0,1,-999,1
"Crossarchus platycephalus","C","TEAMS_NNN","G",2,1250,1,1,-999,-999,-999
"Hydrictis maculicollis","C","TEAMS_NNN","G",3,4180.53,1,1,2,-999,-999
"Potamogale velox","C","TEAMS_NNN","G",3,659.99,1,0,2.5,1,1
"Thryonomys swinderianus","C","TEAMS_NNN","G",3,3180.02,1,0,3.88,-999,1
"Tapirus indicus","A","TEAMS_PSH","G",1,296250,1,0,1,1,1.5
"Cuon alpinus","A","TEAMS_PSH","G",2,14173.33,0,1,4.3,-999,-999
"Helarctos malayanus","A","TEAMS_PSH","G",4,46500,1,0,1.1,-999,-999
"Capricornis sumatraensis","A","TEAMS_PSH","G",1,110942.22,0,1,1.22,-999,-999
"Prionailurus planiceps","A","TEAMS_PSH","G",2,6750,1,0,-999,1,1
"Viverra megaspila","A","TEAMS_PSH","G",6,9250,1,1,-999,-999,-999
"Herpestes urva","A","TEAMS_PSH","G",5,1863.2,1,1,3,-999,-999
"Macaca fascicularis","B","TEAMS_PSH","S",3,3991.5,0,1,1,23.6,27
"Macaca nemestrina","B","TEAMS_PSH","S",4,6296.5,0,1,1.01,-999,22.6
"Sus scrofa","B","TEAMS_PSH","G",5,96118.09,1,0,4.52,-999,13
"Tragulus kanchil","B","TEAMS_PSH","G",2,3706.24,1,0,-999,-999,-999
"Herpestes brachyurus","B","TEAMS_PSH","G",5,1853.52,1,1,3.49,-999,-999
"Martes flavigula","B","TEAMS_PSH","Ar",5,1842.5,0,1,3.53,-999,-999
"Muntiacus muntjak","B","TEAMS_PSH","G",2,15925.79,1,1,1,-999,-999
"Paguma larvata","B","TEAMS_PSH","G",3,4300,1,0,2.16,-999,-999
"Hemigalus derbyanus","B","TEAMS_PSH","G",1,2322.5,1,0,1.73,-999,-999
"Arctictis binturong","B","TEAMS_PSH","Ar",5,9875,1,0,2.5,-999,-999
"Panthera pardus","B","TEAMS_PSH","G",1,52038.22,1,0,2.14,1,1
"Viverra zibetha","B","TEAMS_PSH","G",6,9500,1,1,2.89,-999,-999
"Trachypithecus obscurus","B","TEAMS_PSH","Ar",2,6420,0,1,1.01,14,10
"Prionodon linsang","B","TEAMS_PSH","S",3,700,1,0,2.3,-999,-999
"Rusa unicolor","B","TEAMS_PSH","G",2,177522.9,1,0,1,-999,-999
"Presbytis siamensis","B","TEAMS_PSH","Ar",3,5895.06,0,1,-999,-999,-999
"Prionailurus bengalensis","B","TEAMS_PSH","S",3,3300,1,1,2.5,-999,-999
"Manis javanica","B","TEAMS_PSH","Ar",1,5150,1,0,1,-999,-999
"Pardofelis marmorata","B","TEAMS_PSH","S",1,2854.25,1,0,2,-999,-999
"Neofelis nebulosa","B","TEAMS_PSH","S",1,19675.75,0,1,2.25,1,1
"Tragulus napu","B","TEAMS_PSH","G",2,4950,1,0,0.96,-999,-999
"Viverra tangalunga","B","TEAMS_PSH","G",6,6885,1,1,1.92,-999,-999
"Hystrix brachyura","C","TEAMS_PSH","G",2,8450,1,0,1.41,1,1
"Sus barbatus","C","TEAMS_PSH","G",5,96666.67,1,0,6.59,-999,6.25
"Arctogalidia trivirgata","C","TEAMS_PSH","Ar",4,2250,1,0,2.79,-999,-999
"Symphalangus syndactylus","C","TEAMS_PSH","Ar",3,10839,0,1,1.02,-999,3.8
"Nycticebus coucang","C","TEAMS_PSH","Ar",4,803.5,1,0,1.12,-999,1
"Petaurista elegans","C","TEAMS_PSH","Ar",4,997,1,0,1,-999,-999
"Aeromys tephromelas","C","TEAMS_PSH","Ar",4,1075,1,0,1.07,-999,-999
"Hylobates lar","C","TEAMS_PSH","Ar",3,4892,0,1,1.01,-999,3.2
"Atherurus macrourus","C","TEAMS_PSH","G",2,2000,1,0,1.5,-999,-999
"Ratufa affinis","C","TEAMS_PSH","Ar",5,1156.25,0,1,-999,-999,-999
"Ratufa bicolor","C","TEAMS_PSH","Ar",5,2050,0,1,1.5,-999,-999
"Petaurista petaurista","C","TEAMS_PSH","Ar",4,1660.13,1,0,1,-999,-999
"Viverricula indica","C","TEAMS_PSH","G",5,2908.43,1,1,3.74,1.5,1.5
"Herpestes javanicus","C","TEAMS_PSH","G",5,750,1,1,2.21,-999,-999
"Mustela nudipes","C","TEAMS_PSH","S",1,500,1,1,4,-999,-999
"Rhizomys sumatrensis","C","TEAMS_PSH","G",3,1625,1,0,4,-999,-999
"Cynogale bennettii","C","TEAMS_PSH","G",4,4500,1,0,2.3,-999,-999
"Paradoxurus hermaphroditus","C","TEAMS_PSH","Ar",4,3156.66,1,0,3.29,-999,-999
"Lutra sumatrana","C","TEAMS_PSH","G",4,5500,1,1,-999,-999,-999
"Lutrogale perspicillata","C","TEAMS_PSH","G",4,9483.33,0,1,3.24,-999,-999
"Potamochoerus larvatus","A","TEAMS_RNF","G",4,48781.25,1,0,2.73,7.2,8
"Hemicentetes nigriceps","A","TEAMS_RNF","G",1,102.99,1,0,2.84,-999,-999
"Setifer setosus","A","TEAMS_RNF","G",2,294,1,0,3.24,1,1
"Microgale cowani","A","TEAMS_RNF","G",1,13.8,1,1,-999,-999,-999
"Hemicentetes semispinosus","A","TEAMS_RNF","G",1,137.8,1,0,5.32,18,18
"Cheirogaleus major","A","TEAMS_RNF","Ar",4,450,1,0,2.26,1,1
"Eulemur fulvus","A","TEAMS_RNF","Ar",2,3150,0,1,1.1,9.25,9.15
"Canis lupus","A","TEAMS_RNF","G",1,32183.33,1,0,4.98,-999,-999
"Fossa fossana","B","TEAMS_RNF","S",4,1500,1,0,1,2,2
"Galidia elegans","B","TEAMS_RNF","S",6,800,0,1,1,1.5,1.75
"Tenrec ecaudatus","B","TEAMS_RNF","G",2,868,1,0,16.89,1,1
"Cryptoprocta ferox","B","TEAMS_RNF","S",3,9500,1,0,2.98,1,1
"Galidictis fasciata","B","TEAMS_RNF","G",2,550,1,0,1,2,2
"Daubentonia madagascariensis","B","TEAMS_RNF","Ar",3,2500,1,0,1.01,1,1
"Eupleres goudotii","B","TEAMS_RNF","G",2,3000,1,0,1,2,2
"Eulemur rubriventer","B","TEAMS_RNF","Ar",2,1400,0,1,1.01,4.75,3.3
"Hapalemur griseus","B","TEAMS_RNF","Ar",1,1400,0,1,1.5,4,3.1
"Propithecus edwardsi","B","TEAMS_RNF","Ar",3,6573.27,0,1,-999,-999,6
"Lepilemur microdon","B","TEAMS_RNF","Ar",1,900,1,0,-999,1,1
"Hapalemur aureus","B","TEAMS_RNF","Ar",1,1575,0,1,1.01,4,3
"Varecia variegata","C","TEAMS_RNF","Ar",1,3850,0,0,2.16,3.5,2.8
"Prolemur simus","C","TEAMS_RNF","Ar",2,2030.41,0,0,1,4,7.5
"Loxodonta africana","A","TEAMS_UDZ","G",1,3940034.28,1,1,0.84,-999,19.5
"Rhynchocyon cirnei","A","TEAMS_UDZ","G",1,490,0,1,1.93,-999,-999
"Petrodromus tetradactylus","A","TEAMS_UDZ","G",1,187.5,0,1,1,-999,1.5
"Atilax paludinosus","B","TEAMS_UDZ","G",4,3299.97,1,0,2,-999,-999
"Bdeogale crassicauda","B","TEAMS_UDZ","G",3,1549.99,1,0,0.96,-999,-999
"Cercocebus sanjei","B","TEAMS_UDZ","Ar",2,8000,0,1,-999,-999,-999
"Cephalophus spadix","B","TEAMS_UDZ","G",3,56000.25,1,0,-999,-999,-999
"Panthera pardus","B","TEAMS_UDZ","G",1,52038.22,1,0,2.14,1,1
"Civettictis civetta","B","TEAMS_UDZ","G",6,11999.97,1,0,2.31,-999,-999
"Potamochoerus larvatus","B","TEAMS_UDZ","G",4,48781.25,1,0,2.73,7.2,8
"Papio cynocephalus","B","TEAMS_UDZ","G",4,15822.15,0,1,1.01,52.3,48.2
"Colobus angolensis","B","TEAMS_UDZ","Ar",2,9850,0,1,1.01,9,10.9
"Nandinia binotata","B","TEAMS_UDZ","Ar",3,2000,1,0,1.84,-999,-999
"Genetta servalina","B","TEAMS_UDZ","Ar",3,1054.99,1,0,1.5,-999,-999
"Cercopithecus mitis","B","TEAMS_UDZ","Ar",4,5000,0,1,1,-999,16
"Mellivora capensis","B","TEAMS_UDZ","G",5,8500,0,1,2.35,-999,-999
"Mungos mungo","B","TEAMS_UDZ","G",2,1925,0,1,2.68,-999,-999
"Syncerus caffer","B","TEAMS_UDZ","G",1,580002.68,1,0,1.08,3000,12
"Tragelaphus scriptus","B","TEAMS_UDZ","G",1,43250.39,1,1,1,-999,1
"Crocuta crocuta","B","TEAMS_UDZ","G",1,66492.06,1,0,1.91,-999,-999
"Leptailurus serval","B","TEAMS_UDZ","G",1,11999.97,1,0,2.35,-999,-999
"Dendrohyrax arboreus","B","TEAMS_UDZ","Ar",2,2949.99,1,0,1.51,-999,1
"Orycteropus afer","B","TEAMS_UDZ","G",1,52350.4,1,0,1.1,-999,1
"Otocyon megalotis","C","TEAMS_UDZ","G",4,4150.02,1,1,4,-999,-999
"Redunca arundinum","C","TEAMS_UDZ","G",1,58000.27,1,1,0.98,-999,1.75
"Chlorocebus pygerythrus","C","TEAMS_UDZ","S",4,4993,0,1,-999,-999,-999
"Cricetomys ansorgei","C","TEAMS_UDZ","G",4,1285.41,1,0,-999,-999,-999
"Paraxerus vexillarius","C","TEAMS_UDZ","S",3,675,0,1,-999,-999,-999
"Kobus ellipsiprymnus","C","TEAMS_UDZ","G",1,210000.34,1,1,1,-999,12
"Alcelaphus buselaphus","C","TEAMS_UDZ","G",1,171001.53,0,1,1,-999,20
"Piliocolobus gordonorum","C","TEAMS_UDZ","Ar",2,8591.69,0,1,-999,-999,-999
"Proteles cristata","C","TEAMS_UDZ","G",1,8139.39,1,0,2.64,-999,-999
"Otolemur garnettii","C","TEAMS_UDZ","Ar",3,760,1,0,1.02,-999,1
"Rhynchogale melleri","C","TEAMS_UDZ","G",3,2500,1,0,2,-999,-999
"Diceros bicornis","C","TEAMS_UDZ","G",1,1180510.9,1,0,1,1,1
"Felis silvestris","C","TEAMS_UDZ","G",3,5099.99,1,0,3.59,-999,-999
"Giraffa camelopardalis","C","TEAMS_UDZ","G",1,899994.8,1,0,1.29,-999,100
"Ichneumia albicauda","C","TEAMS_UDZ","G",4,3500.02,1,0,2.35,-999,-999
"Hystrix africaeaustralis","C","TEAMS_UDZ","G",2,14936.02,1,0,1.51,-999,1.5
"Heterohyrax brucei","C","TEAMS_UDZ","S",1,2625,0,1,1.89,34,17.5
"Tragelaphus strepsiceros","C","TEAMS_UDZ","G",1,213501.04,1,1,1,-999,12
"Philantomba monticola","C","TEAMS_UDZ","G",3,4896.05,1,0,0.98,-999,1.9
"Genetta genetta","C","TEAMS_UDZ","Ar",3,1800,1,0,2.29,-999,-999
"Canis adustus","C","TEAMS_UDZ","G",4,10249.91,1,0,4.5,-999,-999
"Phacochoerus africanus","C","TEAMS_UDZ","G",3,82500,1,0,-999,-999,-999
"Ictonyx striatus","C","TEAMS_UDZ","G",4,1299.99,1,0,2.3,-999,-999
"Oreotragus oreotragus","C","TEAMS_UDZ","G",1,12999.9,0,1,0.98,-999,2
"Otolemur crassicaudatus","C","TEAMS_UDZ","Ar",3,1500,1,0,1.14,-999,3.5
"Hystrix cristata","C","TEAMS_UDZ","G",2,16250,1,0,1.73,-999,-999
"Caracal caracal","C","TEAMS_UDZ","G",1,13749.91,1,0,2.3,-999,-999
"Panthera leo","C","TEAMS_UDZ","G",2,161499.06,1,0,2.75,-999,-999
"Connochaetes taurinus","C","TEAMS_UDZ","G",1,179998.96,0,1,0.98,-999,20
"Herpestes ichneumon","C","TEAMS_UDZ","G",5,5174.98,1,1,3,-999,-999
"Hippotragus niger","C","TEAMS_UDZ","G",1,227499.27,0,1,1,-999,15
"Thryonomys gregorianus","C","TEAMS_UDZ","G",3,2707.14,1,0,2.91,-999,1
"Genetta maculata","C","TEAMS_UDZ","Ar",3,2225,1,0,2.12,-999,-999
"Anomalurus derbianus","C","TEAMS_UDZ","Ar",4,649.99,1,0,1,-999,1
"Sylvicapra grimmia","C","TEAMS_UDZ","G",3,19499.79,1,0,0.98,-999,1
"Aepyceros melampus","C","TEAMS_UDZ","G",1,52500.08,1,1,0.98,-999,15.25
"Redunca redunca","C","TEAMS_UDZ","G",1,44050.41,1,1,1,-999,-999
"Aonyx capensis","C","TEAMS_UDZ","G",2,18999.84,1,0,2.62,-999,-999
"Hippopotamus amphibius","C","TEAMS_UDZ","G",1,1417489.99,1,0,1,585,585
"Thryonomys swinderianus","C","TEAMS_UDZ","G",3,3180.02,1,0,3.88,-999,1
"Marmosa mexicana","A","TEAMS_VB","Ar",5,49.45,1,0,11.6,-999,1
"Metachirus nudicaudatus","A","TEAMS_VB","S",5,375,1,0,3.87,-999,1
"Caluromys derbianus","A","TEAMS_VB","Ar",5,297,1,0,3.14,-999,1
"Canis lupus","A","TEAMS_VB","G",1,32183.33,1,0,4.98,-999,-999
"Cebus capucinus","A","TEAMS_VB","Ar",6,2733.32,0,1,1.01,-999,18.15
"Pecari tajacu","B","TEAMS_VB","G",4,21266.69,1,0,1.56,11.65,20
"Dasypus novemcinctus","B","TEAMS_VB","G",1,4203.78,1,0,3.96,-999,1
"Didelphis marsupialis","B","TEAMS_VB","S",4,1091.16,1,0,7.09,-999,1
"Leopardus pardalis","B","TEAMS_VB","G",3,11900.08,1,0,1.66,-999,-999
"Eira barbara","B","TEAMS_VB","G",2,3910.03,1,1,2.14,-999,-999
"Puma concolor","B","TEAMS_VB","G",1,51600.04,1,1,2.76,-999,1
"Nasua narica","B","TEAMS_VB","S",3,4030.05,0,1,4,-999,-999
"Tapirus bairdii","B","TEAMS_VB","G",1,299999.13,1,0,1,-999,1
"Mazama temama","B","TEAMS_VB","G",2,18809.87,1,1,-999,-999,-999
"Tamandua mexicana","B","TEAMS_VB","S",1,4209.98,1,1,-999,-999,1
"Conepatus semistriatus","B","TEAMS_VB","G",3,1200,1,0,3.49,-999,-999
"Leopardus wiedii","B","TEAMS_VB","S",2,3249.97,1,0,1.5,-999,-999
"Philander opossum","B","TEAMS_VB","S",5,585.5,1,1,4.75,-999,1
"Panthera onca","B","TEAMS_VB","G",3,1e+05,1,1,1.96,1,1
"Procyon lotor","B","TEAMS_VB","G",4,5524.97,1,0,3.06,-999,-999
"Bassariscus sumichrasti","B","TEAMS_VB","Ar",3,899.99,1,0,2,-999,-999
"Odocoileus virginianus","B","TEAMS_VB","G",2,55508.56,1,0,1.57,-999,2.25
"Leopardus tigrinus","B","TEAMS_VB","S",1,2250,1,1,-999,-999,-999
"Urocyon cinereoargenteus","C","TEAMS_VB","G",5,3833.72,1,0,3.71,-999,-999
"Cabassous centralis","C","TEAMS_VB","G",1,3809.96,1,0,1,-999,1
"Cuniculus paca","C","TEAMS_VB","G",3,8172.55,1,0,1.01,-999,1
"Alouatta palliata","C","TEAMS_VB","Ar",2,7274.95,0,1,1.02,-999,13.1
"Choloepus hoffmanni","C","TEAMS_VB","Ar",2,4750.01,1,0,1,-999,1
"Didelphis virginiana","C","TEAMS_VB","S",4,2195.48,1,0,8.62,-999,1
"Bradypus variegatus","C","TEAMS_VB","Ar",1,4335.01,1,1,1,-999,1
"Bassaricyon gabbii","C","TEAMS_VB","Ar",3,1250,1,0,1,-999,-999
"Potos flavus","C","TEAMS_VB","Ar",3,3000,1,0,1.11,-999,1
"Ateles geoffroyi","C","TEAMS_VB","Ar",5,5284.94,0,1,1.01,-999,42
"Dasyprocta punctata","C","TEAMS_VB","G",3,2674.98,0,1,1.25,-999,1
"Myrmecophaga tridactyla","C","TEAMS_VB","G",1,22333.15,1,1,1,1,1
"Galictis vittata","C","TEAMS_VB","G",5,3200,1,1,-999,-999,-999
"Canis latrans","C","TEAMS_VB","G",3,13406.33,1,0,5.72,-999,-999
"Chironectes minimus","C","TEAMS_VB","G",3,946,1,0,3.24,-999,1
"Lontra longicaudis","C","TEAMS_VB","G",3,6554.96,1,0,3.69,-999,-999
"Cercopithecus mitis","B","TEAMS_VIR","Ar",4,5000,0,1,1,-999,16
"Cephalophus nigrifrons","B","TEAMS_VIR","G",3,13899.85,1,0,-999,-999,-999
"Leptailurus serval","B","TEAMS_VIR","G",1,11999.97,1,0,2.35,-999,-999
"Tragelaphus scriptus","B","TEAMS_VIR","G",1,43250.39,1,1,1,-999,1
"Syncerus caffer","B","TEAMS_VIR","G",1,580002.68,1,0,1.08,3000,12
"Dendrohyrax arboreus","B","TEAMS_VIR","Ar",2,2949.99,1,0,1.51,-999,1
"Genetta servalina","B","TEAMS_VIR","Ar",3,1054.99,1,0,1.5,-999,-999
"Gorilla beringei","B","TEAMS_VIR","G",2,149325.19,0,1,-999,-999,-999
"Canis adustus","B","TEAMS_VIR","G",4,10249.91,1,0,4.5,-999,-999
"Loxodonta africana","B","TEAMS_VIR","G",1,3940034.28,1,1,0.84,-999,19.5
"Chlorocebus tantalus","C","TEAMS_VIR","S",3,4993,0,1,-999,-999,-999
"Chlorocebus pygerythrus","C","TEAMS_VIR","S",4,4993,0,1,-999,-999,-999
"Atherurus africanus","C","TEAMS_VIR","G",2,1934,1,0,1.5,-999,1
"Orycteropus afer","C","TEAMS_VIR","G",1,52350.4,1,0,1.1,-999,1
"Kobus ellipsiprymnus","C","TEAMS_VIR","G",1,210000.34,1,1,1,-999,12
"Cercopithecus ascanius","C","TEAMS_VIR","Ar",5,3550,0,1,1.01,34,26.3
"Ceratotherium simum","C","TEAMS_VIR","G",1,2949986.31,1,1,1,3.75,3.75
"Diceros bicornis","C","TEAMS_VIR","G",1,1180510.9,1,0,1,1,1
"Ichneumia albicauda","C","TEAMS_VIR","G",4,3500.02,1,0,2.35,-999,-999
"Hystrix africaeaustralis","C","TEAMS_VIR","G",2,14936.02,1,0,1.51,-999,1.5
"Potamochoerus larvatus","C","TEAMS_VIR","G",4,48781.25,1,0,2.73,7.2,8
"Philantomba monticola","C","TEAMS_VIR","G",3,4896.05,1,0,0.98,-999,1.9
"Phacochoerus africanus","C","TEAMS_VIR","G",3,82500,1,0,-999,-999,-999
"Ictonyx striatus","C","TEAMS_VIR","G",4,1299.99,1,0,2.3,-999,-999
"Genetta victoriae","C","TEAMS_VIR","Ar",3,2999.99,1,0,-999,-999,-999
"Civettictis civetta","C","TEAMS_VIR","G",6,11999.97,1,0,2.31,-999,-999
"Cephalophus silvicultor","C","TEAMS_VIR","G",3,72500.33,1,0,1,-999,1
"Otolemur crassicaudatus","C","TEAMS_VIR","Ar",3,1500,1,0,1.14,-999,3.5
"Nandinia binotata","C","TEAMS_VIR","Ar",3,2000,1,0,1.84,-999,-999
"Cricetomys emini","C","TEAMS_VIR","G",4,1299.99,1,0,0.97,-999,-999
"Hystrix cristata","C","TEAMS_VIR","G",2,16250,1,0,1.73,-999,-999
"Hylochoerus meinertzhageni","C","TEAMS_VIR","G",1,188500,1,0,4,-999,10
"Lophocebus albigena","C","TEAMS_VIR","Ar",2,7690.06,0,1,1.01,17,16
"Herpestes ichneumon","C","TEAMS_VIR","G",5,5174.98,1,1,3,-999,-999
"Thryonomys gregorianus","C","TEAMS_VIR","G",3,2707.14,1,0,2.91,-999,1
"Papio anubis","C","TEAMS_VIR","G",4,17728.56,0,1,1.01,44.5,40
"Genetta maculata","C","TEAMS_VIR","Ar",3,2225,1,0,2.12,-999,-999
"Anomalurus derbianus","C","TEAMS_VIR","Ar",4,649.99,1,0,1,-999,1
"Procavia capensis","C","TEAMS_VIR","G",1,3029.98,0,1,2.5,47,17
"Sylvicapra grimmia","C","TEAMS_VIR","G",3,19499.79,1,0,0.98,-999,1
"Crocuta crocuta","C","TEAMS_VIR","G",1,66492.06,1,0,1.91,-999,-999
"Cephalophus weynsi","C","TEAMS_VIR","G",3,17000,1,0,-999,-999,-999
"Mellivora capensis","C","TEAMS_VIR","G",5,8500,0,1,2.35,-999,-999
"Mungos mungo","C","TEAMS_VIR","G",2,1925,0,1,2.68,-999,-999
"Hydrictis maculicollis","C","TEAMS_VIR","G",3,4180.53,1,1,2,-999,-999
"Potamogale velox","C","TEAMS_VIR","G",3,659.99,1,0,2.5,1,1
"Thryonomys swinderianus","C","TEAMS_VIR","G",3,3180.02,1,0,3.88,-999,1
"Tragelaphus spekii","C","TEAMS_VIR","G",1,77999.17,1,1,1,-999,6
"Atilax paludinosus","C","TEAMS_VIR","G",4,3299.97,1,0,2,-999,-999
"Puma concolor","A","TEAMS_YAN","G",1,51600.04,1,1,2.76,-999,1
"Eira barbara","A","TEAMS_YAN","G",2,3910.03,1,1,2.14,-999,-999
"Procyon cancrivorus","A","TEAMS_YAN","G",5,6949.92,1,0,2.62,-999,-999
"Leopardus wiedii","A","TEAMS_YAN","S",2,3249.97,1,0,1.5,-999,-999
"Myrmecophaga tridactyla","A","TEAMS_YAN","G",1,22333.15,1,1,1,1,1
"Dasypus kappleri","A","TEAMS_YAN","G",1,9500,1,0,4.47,-999,1
"Cebus albifrons","A","TEAMS_YAN","Ar",6,2629,0,1,1.01,-999,25
"Metachirus nudicaudatus","A","TEAMS_YAN","S",5,375,1,0,3.87,-999,1
"Lagothrix cana","A","TEAMS_YAN","Ar",3,6.4,0,1,-999,-999,-999
"Cabassous unicinctus","A","TEAMS_YAN","G",1,4799.99,1,0,1,-999,1
"Atelocynus microtis","A","TEAMS_YAN","G",2,7749.97,1,0,-999,-999,1
"Dasypus novemcinctus","B","TEAMS_YAN","G",1,4203.78,1,0,3.96,-999,1
"Didelphis marsupialis","B","TEAMS_YAN","S",4,1091.16,1,0,7.09,-999,1
"Nasua nasua","B","TEAMS_YAN","S",3,3793.85,0,1,3.69,-999,-999
"Pecari tajacu","B","TEAMS_YAN","G",4,21266.69,1,0,1.56,11.65,20
"Leopardus pardalis","B","TEAMS_YAN","G",3,11900.08,1,0,1.66,-999,-999
"Tapirus terrestris","B","TEAMS_YAN","G",1,207500.91,1,0,1,-999,1
"Mazama americana","B","TEAMS_YAN","G",2,22799.75,1,1,1.22,-999,1
"Panthera onca","B","TEAMS_YAN","G",3,1e+05,1,1,1.96,1,1
"Tremarctos ornatus","B","TEAMS_YAN","G",2,140000.63,1,0,1.44,-999,-999
"Tamandua tetradactyla","B","TEAMS_YAN","S",1,5515.06,1,1,1,-999,1
"Speothos venaticus","B","TEAMS_YAN","G",1,5999.98,0,1,3.8,-999,-999
"Coendou prehensilis","C","TEAMS_YAN","Ar",2,4399.97,1,0,0.98,-999,1
"Saimiri boliviensis","C","TEAMS_YAN","Ar",5,615.01,0,1,1.02,-999,60
"Conepatus chinga","C","TEAMS_YAN","G",3,1917.52,1,0,-999,-999,-999
"Alouatta seniculus","C","TEAMS_YAN","Ar",2,6145.54,0,1,1.42,-999,7.9
"Sciurus igniventris","C","TEAMS_YAN","Ar",3,700,0,1,-999,-999,1
"Leopardus colocolo","C","TEAMS_YAN","G",1,5157.94,1,0,-999,-999,-999
"Didelphis pernigra","C","TEAMS_YAN","S",4,1260.04,1,0,-999,-999,-999
"Priodontes maximus","C","TEAMS_YAN","G",2,45359.68,1,0,1.5,-999,1
"Lagidium viscacia","C","TEAMS_YAN","G",1,1540,0,0,1,-999,-999
"Aotus nigriceps","C","TEAMS_YAN","Ar",6,1060.01,1,0,-999,-999,3.3
"Ateles chamek","C","TEAMS_YAN","Ar",5,5999.98,0,1,-999,-999,-999
"Bassaricyon alleni","C","TEAMS_YAN","Ar",3,1235.01,1,0,-999,-999,-999
"Tayassu pecari","C","TEAMS_YAN","G",5,32233.69,1,0,2,102.5,102.5
"Coendou bicolor","C","TEAMS_YAN","Ar",2,4050.05,1,0,1,-999,2
"Cuniculus taczanowskii","C","TEAMS_YAN","G",3,8999.95,1,0,1,-999,-999
"Lycalopex culpaeus","C","TEAMS_YAN","G",4,8616.24,1,0,4.88,-999,-999
"Chironectes minimus","C","TEAMS_YAN","G",3,946,1,0,3.24,-999,1
"Hydrochoerus hydrochaeris","C","TEAMS_YAN","G",2,48144.91,0,1,3.49,-999,10
"Lontra longicaudis","C","TEAMS_YAN","G",3,6554.96,1,0,3.69,-999,-999
"Saimiri sciureus","A","TEAMS_YAS","Ar",5,743.24,0,1,1,-999,34.85
"Cebus albifrons","A","TEAMS_YAS","Ar",6,2629,0,1,1.01,-999,25
"Philander andersoni","A","TEAMS_YAS","S",5,325,1,1,-999,-999,1
"Sylvilagus brasiliensis","A","TEAMS_YAS","G",1,949.99,1,0,1.9,-999,1
"Metachirus nudicaudatus","A","TEAMS_YAS","S",5,375,1,0,3.87,-999,1
"Mazama gouazoubira","A","TEAMS_YAS","G",3,16633.17,1,1,1,-999,1
"Mazama americana","B","TEAMS_YAS","G",2,22799.75,1,1,1.22,-999,1
"Dasypus novemcinctus","B","TEAMS_YAS","G",1,4203.78,1,0,3.96,-999,1
"Atelocynus microtis","B","TEAMS_YAS","G",2,7749.97,1,0,-999,-999,1
"Tapirus terrestris","B","TEAMS_YAS","G",1,207500.91,1,0,1,-999,1
"Leopardus pardalis","B","TEAMS_YAS","G",3,11900.08,1,0,1.66,-999,-999
"Eira barbara","B","TEAMS_YAS","G",2,3910.03,1,1,2.14,-999,-999
"Pecari tajacu","B","TEAMS_YAS","G",4,21266.69,1,0,1.56,11.65,20
"Myrmecophaga tridactyla","B","TEAMS_YAS","G",1,22333.15,1,1,1,1,1
"Didelphis marsupialis","B","TEAMS_YAS","S",4,1091.16,1,0,7.09,-999,1
"Tamandua tetradactyla","B","TEAMS_YAS","S",1,5515.06,1,1,1,-999,1
"Nasua nasua","B","TEAMS_YAS","S",3,3793.85,0,1,3.69,-999,-999
"Dasypus kappleri","B","TEAMS_YAS","G",1,9500,1,0,4.47,-999,1
"Tayassu pecari","B","TEAMS_YAS","G",5,32233.69,1,0,2,102.5,102.5
"Procyon cancrivorus","B","TEAMS_YAS","G",5,6949.92,1,0,2.62,-999,-999
"Panthera onca","B","TEAMS_YAS","G",3,1e+05,1,1,1.96,1,1
"Galictis vittata","B","TEAMS_YAS","G",5,3200,1,1,-999,-999,-999
"Speothos venaticus","B","TEAMS_YAS","G",1,5999.98,0,1,3.8,-999,-999
"Priodontes maximus","B","TEAMS_YAS","G",2,45359.68,1,0,1.5,-999,1
"Puma concolor","B","TEAMS_YAS","G",1,51600.04,1,1,2.76,-999,1
"Leopardus wiedii","B","TEAMS_YAS","S",2,3249.97,1,0,1.5,-999,-999
"Choloepus didactylus","B","TEAMS_YAS","Ar",2,5160,1,0,1,-999,1
"Coendou prehensilis","C","TEAMS_YAS","Ar",2,4399.97,1,0,0.98,-999,1
"Myoprocta pratti","C","TEAMS_YAS","G",3,966.73,0,1,1.77,-999,-999
"Echimys saturnus","C","TEAMS_YAS","Ar",2,626.9,1,0,-999,-999,-999
"Mustela africana","C","TEAMS_YAS","G",2,536.99,1,1,-999,-999,-999
"Alouatta seniculus","C","TEAMS_YAS","Ar",2,6145.54,0,1,1.42,-999,7.9
"Cuniculus paca","C","TEAMS_YAS","G",3,8172.55,1,0,1.01,-999,1
"Sciurus igniventris","C","TEAMS_YAS","Ar",3,700,0,1,-999,-999,1
"Leopardus tigrinus","C","TEAMS_YAS","S",1,2250,1,1,-999,-999,-999
"Bradypus variegatus","C","TEAMS_YAS","Ar",1,4335.01,1,1,1,-999,1
"Cabassous unicinctus","C","TEAMS_YAS","G",1,4799.99,1,0,1,-999,1
"Potos flavus","C","TEAMS_YAS","Ar",3,3000,1,0,1.11,-999,1
"Dasyprocta fuliginosa","C","TEAMS_YAS","G",3,3500.02,0,1,-999,-999,2
"Bassaricyon alleni","C","TEAMS_YAS","Ar",3,1235.01,1,0,-999,-999,-999
"Aotus vociferans","C","TEAMS_YAS","Ar",6,872.99,1,0,1.02,-999,3.3
"Dactylomys dactylinus","C","TEAMS_YAS","Ar",1,649.99,1,0,-999,-999,2
"Coendou bicolor","C","TEAMS_YAS","Ar",2,4050.05,1,0,1,-999,2
"Dinomys branickii","C","TEAMS_YAS","G",2,12500,1,0,1.97,-999,-999
"Chironectes minimus","C","TEAMS_YAS","G",3,946,1,0,3.24,-999,1
"Hydrochoerus hydrochaeris","C","TEAMS_YAS","G",2,48144.91,0,1,3.49,-999,10
"Lontra longicaudis","C","TEAMS_YAS","G",3,6554.96,1,0,3.69,-999,-999
"Pteronura brasiliensis","C","TEAMS_YAS","G",2,23999.93,0,1,2.12,-999,-999
"Sotalia fluviatilis","C","TEAMS_YAS","M",2,60000,0,1,0.97,4,9
"Muntiacus montanus","A","TEAMS_BBS","G",2,15925.79,1,1,1,-999,-999
"Neofelis diardi","B","TEAMS_BBS","S",1,19675.75,0,1,2.25,1,1
"Aonyx cinereus","B","TEAMS_BBS","G",3,3527.59,1,0,1.47,-999,-999
"Cephalopachus bancanus","C","TEAMS_BBS","Ar",1,94.25,1,0,1,-999,1
"Presbytis mitrata","C","TEAMS_BBS","Ar",3,6300,0,1,1.01,14.5,14
"Galeopterus variegatus","C","TEAMS_BBS","Ar",1,1112.2,1,0,1,-999,-999
"Herpailurus yagouaroundi","A","TEAMS_BCI","G",3,6875,0,1,2.5,-999,-999
"Transandinomys talamancae","C","TEAMS_BCI","G",4,55,1,1,-999,-999,1
"Coendou quichua","C","TEAMS_BCI","Ar",2,2000,1,0,-999,-999,-999
"Aotus zonalis","C","TEAMS_BCI","Ar",6,872.99,1,0,1.01,-999,-999
"Sylvilagus gabbi","C","TEAMS_BCI","G",1,949.99,1,0,1.9,-999,1
"Bassaricyon medius","C","TEAMS_BCI","Ar",3,1235.01,1,0,-999,-999,-999
"Transandinomys bolivaris","C","TEAMS_BCI","G",4,60.5,1,1,3.23,-999,1
"Cebus imitator","C","TEAMS_BCI","Ar",6,2733.32,0,1,1.01,-999,18.15
"Caracal aurata","B","TEAMS_BIF","S",1,10650.01,1,1,2.25,-999,-999
"Galagoides demidoff","B","TEAMS_BIF","Ar",3,66.04,1,0,1.29,-999,5.5
"Phataginus tricuspis","B","TEAMS_BIF","S",1,2066.67,1,0,1,-999,-999
"Herpestes sanguineus","B","TEAMS_BIF","G",3,550,0,1,2.5,-999,-999
"Allochrocebus lhoesti","C","TEAMS_BIF","Ar",4,5375.02,0,1,1,-999,17.4
"Hylomyscus vulcanorum","C","TEAMS_BIF","Ar",3,36,1,0,4.61,-999,-999
"Dendromus kivu","C","TEAMS_BIF","G",6,13.72,1,0,-999,-999,-999
"Galagoides thomasi","C","TEAMS_BIF","Ar",2,117.35,1,0,-999,-999,1
"Perodicticus ibeanus","C","TEAMS_BIF","Ar",3,1099.99,1,0,1.09,-999,1
"Smutsia gigantea","C","TEAMS_BIF","G",1,32999.7,1,0,-999,-999,-999
"Canis lupaster","C","TEAMS_BIF","G",1,32183.33,1,0,4.98,-999,-999
"Aonyx congicus","C","TEAMS_BIF","G",2,18999.84,1,0,2.62,-999,-999
"Mazama nemorivaga","B","TEAMS_CAX","G",3,16633.17,1,1,1,-999,1
"Marmosa demerarae","B","TEAMS_CAX","S",2,75.75,1,0,6.29,-999,-999
"Herpailurus yagouaroundi","B","TEAMS_CAX","G",3,6875,0,1,2.5,-999,-999
"Toromys grandis","C","TEAMS_CAX","S",2,584,1,0,-999,-999,-999
"Sapajus apella","C","TEAMS_CAX","Ar",6,2500,0,1,1.05,-999,7.9
"Alouatta discolor","C","TEAMS_CAX","Ar",2,6400,0,1,-999,-999,7.4
"Euryoryzomys macconnelli","C","TEAMS_CAX","G",4,58,1,1,-999,-999,1
"Saimiri collinsi","C","TEAMS_CAX","Ar",5,743.24,0,1,1,-999,34.85
"Mico argentatus","C","TEAMS_CAX","Ar",3,440,0,1,1.84,-999,9.5
"Hylaeamys megacephalus","C","TEAMS_CAX","G",4,57,1,1,3.72,-999,1
"Dasyprocta croconota","C","TEAMS_CAX","G",3,3020.02,0,1,1.4,-999,-999
"Herpailurus yagouaroundi","B","TEAMS_COU","G",3,6875,0,1,2.5,-999,-999
"Marmosa regina","B","TEAMS_COU","S",2,118.6,1,0,-999,-999,-999
"Hylaeamys perenensis","C","TEAMS_COU","G",4,57.93,1,1,-999,-999,-999
"Sapajus apella","C","TEAMS_COU","Ar",6,2500,0,1,1.05,-999,7.9
"Monodelphis ronaldi","C","TEAMS_COU","G",5,35,1,0,-999,-999,-999
"Lagothrix lagothricha","C","TEAMS_COU","Ar",4,6299.99,0,1,1.01,-999,33
"Cebus cuscinus","C","TEAMS_COU","Ar",6,2629,0,1,1.01,-999,25
"Euryoryzomys macconnelli","C","TEAMS_COU","G",4,58,1,1,-999,-999,1
"Hylaeamys yunganus","C","TEAMS_COU","G",4,60.5,1,1,-999,-999,-999
"Plecturocebus urubambensis","C","TEAMS_COU","Ar",3,992.41,0,1,1.02,-999,2.5
"Marmosa demerarae","C","TEAMS_COU","S",2,75.75,1,0,6.29,-999,-999
"Leontocebus weddelli","C","TEAMS_COU","Ar",3,462,0,1,1.82,-999,6.3
"Monodelphis peruviana","C","TEAMS_COU","G",5,35,1,0,-999,-999,-999
"Mazama nemorivaga","C","TEAMS_COU","G",3,16633.17,1,1,1,-999,1
"Dasyprocta variegata","C","TEAMS_COU","G",3,3020.02,0,1,1.4,-999,-999
"Euryoryzomys nitidus","C","TEAMS_COU","G",4,55.2,1,1,-999,-999,1
"Mazama nemorivaga","B","TEAMS_CSN","G",3,16633.17,1,1,1,-999,1
"Herpailurus yagouaroundi","B","TEAMS_CSN","G",3,6875,0,1,2.5,-999,-999
"Sapajus apella","C","TEAMS_CSN","Ar",6,2500,0,1,1.05,-999,7.9
"Cebus castaneus","C","TEAMS_CSN","Ar",6,2599.98,0,1,1.01,-999,11.45
"Euryoryzomys macconnelli","C","TEAMS_CSN","G",4,58,1,1,-999,-999,1
"Coendou melanurus","C","TEAMS_CSN","Ar",2,1900,1,0,-999,-999,-999
"Hylaeamys yunganus","C","TEAMS_CSN","G",4,60.5,1,1,-999,-999,-999
"Chiropotes sagulatus","C","TEAMS_CSN","Ar",3,2949.58,0,1,-999,-999,-999
"Marmosa demerarae","C","TEAMS_CSN","S",2,75.75,1,0,6.29,-999,-999
"Hylaeamys megacephalus","C","TEAMS_CSN","G",4,57,1,1,3.72,-999,1
"Herpestes sanguineus","A","TEAMS_KRP","G",3,550,0,1,2.5,-999,-999
"Phataginus tricuspis","B","TEAMS_KRP","S",1,2066.67,1,0,1,-999,-999
"Perodicticus edwardsi","C","TEAMS_KRP","Ar",3,1099.99,1,0,1.09,-999,1
"Caracal aurata","C","TEAMS_KRP","S",1,10650.01,1,1,2.25,-999,-999
"Sciurocheirus alleni","C","TEAMS_KRP","Ar",2,260,1,0,1.29,-999,6
"Galagoides demidoff","C","TEAMS_KRP","Ar",3,66.04,1,0,1.29,-999,5.5
"Galagoides thomasi","C","TEAMS_KRP","Ar",2,117.35,1,0,-999,-999,1
"Phataginus tetradactyla","C","TEAMS_KRP","Ar",1,2749.98,1,0,1.05,-999,-999
"Mazama nemorivaga","B","TEAMS_MAS","G",3,16633.17,1,1,1,-999,1
"Herpailurus yagouaroundi","B","TEAMS_MAS","G",3,6875,0,1,2.5,-999,-999
"Marmosa demerarae","B","TEAMS_MAS","S",2,75.75,1,0,6.29,-999,-999
"Pithecia chrysocephala","C","TEAMS_MAS","Ar",4,1375.5,0,1,1.01,-999,2.7
"Toromys grandis","C","TEAMS_MAS","S",2,584,1,0,-999,-999,-999
"Sapajus apella","C","TEAMS_MAS","Ar",6,2500,0,1,1.05,-999,7.9
"Euryoryzomys macconnelli","C","TEAMS_MAS","G",4,58,1,1,-999,-999,1
"Coendou melanurus","C","TEAMS_MAS","Ar",2,1900,1,0,-999,-999,-999
"Hylaeamys yunganus","C","TEAMS_MAS","G",4,60.5,1,1,-999,-999,-999
"Chiropotes sagulatus","C","TEAMS_MAS","Ar",3,2949.58,0,1,-999,-999,-999
"Hylaeamys megacephalus","C","TEAMS_MAS","G",4,57,1,1,3.72,-999,1
"Muntiacus vaginalis","C","TEAMS_NAK","G",2,15925.79,1,1,1,-999,-999
"Bos gaurus","C","TEAMS_NAK","G",1,8e+05,0,1,1.22,-999,40
"Biswamoyopterus laoensis","C","TEAMS_NAK","Ar",4,1613.3,1,0,-999,-999,-999
"Aonyx cinereus","C","TEAMS_NAK","G",3,3527.59,1,0,1.47,-999,-999
"Philander mondolfii","A","TEAMS_NNN","S",5,585.5,1,1,4.75,-999,1
"Caracal aurata","B","TEAMS_NNN","S",1,10650.01,1,1,2.25,-999,-999
"Phataginus tricuspis","B","TEAMS_NNN","S",1,2066.67,1,0,1,-999,-999
"Smutsia gigantea","B","TEAMS_NNN","G",1,32999.7,1,0,-999,-999,-999
"Piliocolobus oustaleti","C","TEAMS_NNN","Ar",3,8030.75,0,1,1.01,16,24.5
"Perodicticus edwardsi","C","TEAMS_NNN","Ar",3,1099.99,1,0,1.09,-999,1
"Huetia leucorhina","C","TEAMS_NNN","G",1,49.7,1,1,-999,1,1
"Galagoides demidoff","C","TEAMS_NNN","Ar",3,66.04,1,0,1.29,-999,5.5
"Galagoides thomasi","C","TEAMS_NNN","Ar",2,117.35,1,0,-999,-999,1
"Sciurocheirus gabonensis","C","TEAMS_NNN","Ar",2,165.68,1,0,-999,-999,-999
"Hylomyscus walterverheyeni","C","TEAMS_NNN","Ar",3,19.95,1,0,3,-999,-999
"Phataginus tetradactyla","C","TEAMS_NNN","Ar",1,2749.98,1,0,1.05,-999,-999
"Aonyx congicus","C","TEAMS_NNN","G",2,18999.84,1,0,2.62,-999,-999
"Galeopterus variegatus","C","TEAMS_PSH","Ar",1,1112.2,1,0,1,-999,-999
"Maxomys tajuddinii","C","TEAMS_PSH","G",5,56.01,1,0,3,-999,-999
"Aonyx cinereus","C","TEAMS_PSH","G",3,3527.59,1,0,1.47,-999,-999
"Eulemur rufifrons","B","TEAMS_RNF","Ar",2,2394.62,0,1,-999,-999,9.5
"Microgale majori","C","TEAMS_RNF","G",1,7.3,1,1,-999,1,1
"Cheirogaleus grovesi","C","TEAMS_RNF","Ar",3,285.39,1,0,-999,-999,-999
"Avahi peyrierasi","C","TEAMS_RNF","Ar",2,900,1,0,1.01,-999,2
"Procolobus gordonorum","A","TEAMS_UDZ","Ar",2,8591.69,0,1,-999,-999,-999
"Rhynchocyon udzungwensis","A","TEAMS_UDZ","G",1,490,0,1,1.93,-999,-999
"Cephalophus harveyi","B","TEAMS_UDZ","G",3,11999.97,1,0,1,-999,2
"Nesotragus moschatus","B","TEAMS_UDZ","G",2,6499.95,1,0,1,-999,1.5
"Dendrohyrax validus","B","TEAMS_UDZ","Ar",2,2949.99,1,0,1.51,-999,1
"Herpestes sanguineus","C","TEAMS_UDZ","G",3,550,0,1,2.5,-999,-999
"Hylomyscus arcimontensis","C","TEAMS_UDZ","Ar",3,36,1,0,4.61,-999,-999
"Lepus victoriae","C","TEAMS_UDZ","G",1,1763.61,1,0,1.56,-999,-999
"Tragelaphus oryx","C","TEAMS_UDZ","G",2,680000,0,1,-999,50,50
"Acomys ngurui","C","TEAMS_UDZ","G",2,26.5,1,0,2.71,-999,-999
"Paragalago zanzibaricus","C","TEAMS_UDZ","Ar",3,147.35,1,0,1.29,-999,1
"Smutsia temminckii","C","TEAMS_UDZ","G",1,7179.93,1,0,1,-999,1
"Paragalago orinus","C","TEAMS_UDZ","Ar",2,165.68,1,0,-999,-999,-999
"Herpailurus yagouaroundi","B","TEAMS_VB","G",3,6875,0,1,2.5,-999,-999
"Heterogeomys cherriei","C","TEAMS_VB","G",1,225,0,1,-999,-999,-999
"Marmosa alstoni","C","TEAMS_VB","S",2,132.3,1,0,-999,-999,-999
"Handleyomys alfaroi","C","TEAMS_VB","G",4,33.3,1,1,3.59,-999,-999
"Coendou mexicanus","C","TEAMS_VB","Ar",2,2000,1,0,0.98,-999,2
"Sylvilagus gabbi","C","TEAMS_VB","G",1,949.99,1,0,1.9,-999,1
"Transandinomys bolivaris","C","TEAMS_VB","G",4,60.5,1,1,3.23,-999,1
"Nephelomys devius","C","TEAMS_VB","G",4,57.93,1,1,-999,-999,-999
"Cebus imitator","C","TEAMS_VB","Ar",6,2733.32,0,1,1.01,-999,18.15
"Caracal aurata","B","TEAMS_VIR","S",1,10650.01,1,1,2.25,-999,-999
"Herpestes sanguineus","B","TEAMS_VIR","G",3,550,0,1,2.5,-999,-999
"Hylomyscus vulcanorum","C","TEAMS_VIR","Ar",3,36,1,0,4.61,-999,-999
"Dendromus kivu","C","TEAMS_VIR","G",6,13.72,1,0,-999,-999,-999
"Galagoides demidoff","C","TEAMS_VIR","Ar",3,66.04,1,0,1.29,-999,5.5
"Galagoides thomasi","C","TEAMS_VIR","Ar",2,117.35,1,0,-999,-999,1
"Perodicticus ibeanus","C","TEAMS_VIR","Ar",3,1099.99,1,0,1.09,-999,1
"Smutsia gigantea","C","TEAMS_VIR","G",1,32999.7,1,0,-999,-999,-999
"Phataginus tricuspis","C","TEAMS_VIR","S",1,2066.67,1,0,1,-999,-999
"Canis lupaster","C","TEAMS_VIR","G",1,32183.33,1,0,4.98,-999,-999
"Aonyx congicus","C","TEAMS_VIR","G",2,18999.84,1,0,2.62,-999,-999
"Herpailurus yagouaroundi","A","TEAMS_YAN","G",3,6875,0,1,2.5,-999,-999
"Lagothrix lagothricha","C","TEAMS_YAN","Ar",4,6299.99,0,1,1.01,-999,33
"Euryoryzomys macconnelli","C","TEAMS_YAN","G",4,58,1,1,-999,-999,1
"Plecturocebus discolor","C","TEAMS_YAN","Ar",3,1005,0,1,-999,-999,-999
"Marmosa regina","C","TEAMS_YAN","S",2,118.6,1,0,-999,-999,-999
"Pithecia inusta","C","TEAMS_YAN","Ar",4,1375.5,0,1,1.01,-999,2.7
"Hylaeamys yunganus","C","TEAMS_YAN","G",4,60.5,1,1,-999,-999,-999
"Leontocebus leucogenys","C","TEAMS_YAN","Ar",3,387,0,1,1.83,-999,6
"Monodelphis peruviana","C","TEAMS_YAN","G",5,35,1,0,-999,-999,-999
"Euryoryzomys nitidus","C","TEAMS_YAN","G",4,55.2,1,1,-999,-999,1
"Mazama nemorivaga","B","TEAMS_YAS","G",3,16633.17,1,1,1,-999,1
"Herpailurus yagouaroundi","B","TEAMS_YAS","G",3,6875,0,1,2.5,-999,-999
"Saimiri cassiquiarensis","C","TEAMS_YAS","Ar",5,743.24,0,1,1,-999,34.85
"Euryoryzomys macconnelli","C","TEAMS_YAS","G",4,58,1,1,-999,-999,1
"Cebus yuracus","C","TEAMS_YAS","Ar",6,2629,0,1,1.01,-999,25
"Plecturocebus discolor","C","TEAMS_YAS","Ar",3,1005,0,1,-999,-999,-999
"Cebuella pygmaea","C","TEAMS_YAS","Ar",3,125,0,1,1.93,-999,6
"Marmosa regina","C","TEAMS_YAS","S",2,118.6,1,0,-999,-999,-999
"Pattonomys occasius","C","TEAMS_YAS","S",2,322.29,1,0,-999,-999,-999
"Pithecia napensis","C","TEAMS_YAS","Ar",4,1537.52,0,1,1.02,-999,2.5
"Hylaeamys yunganus","C","TEAMS_YAS","G",4,60.5,1,1,-999,-999,-999
"Alouatta juara","C","TEAMS_YAS","Ar",2,6145.54,0,1,1.42,-999,7.9
"Coendou ichillus","C","TEAMS_YAS","Ar",2,1242.24,1,0,-999,-999,-999
"Leontocebus tripartitus","C","TEAMS_YAS","Ar",3,393.5,0,1,-999,-999,-999
