"speciesScientificName","type","projectID"
"Tamiasciurus hudsonicus","A","EMML_AACT"
"Tamias striatus","A","EMML_AACT"
"Mustela erminea","A","EMML_AACT"
"Mustela frenata","A","EMML_AACT"
"Mephitis mephitis","B","EMML_AACT"
"Odocoileus virginianus","B","EMML_AACT"
"Procyon lotor","B","EMML_AACT"
"Canis latrans","B","EMML_AACT"
"Martes pennanti","B","EMML_AACT"
"Vulpes vulpes","B","EMML_AACT"
"Sciurus carolinensis","B","EMML_AACT"
"Sylvilagus floridanus","B","EMML_AACT"
"Urocyon cinereoargenteus","B","EMML_AACT"
"Didelphis virginiana","B","EMML_AACT"
"Erethizon dorsatum","B","EMML_AACT"
"Ursus americanus","C","EMML_AACT"
"Lepus americanus","C","EMML_AACT"
"Lynx rufus","C","EMML_AACT"
"Marmota monax","C","EMML_AACT"
"Castor canadensis","C","EMML_AACT"
"Lontra canadensis","C","EMML_AACT"
"Ondatra zibethicus","C","EMML_AACT"
"Neovison vison","C","EMML_AACT"
"Helogale parvula","A","EMML_AS"
"Hystrix cristata","A","EMML_AS"
"Petrodromus tetradactylus","A","EMML_AS"
"Rhynchocyon chrysopygus","A","EMML_AS"
"Cricetomys gambianus","A","EMML_AS"
"Paraxerus palliatus","A","EMML_AS"
"Orycteropus afer","B","EMML_AS"
"Cephalophus adersi","B","EMML_AS"
"Syncerus caffer","B","EMML_AS"
"Civettictis civetta","B","EMML_AS"
"Loxodonta africana","B","EMML_AS"
"Cercopithecus mitis","B","EMML_AS"
"Tragelaphus scriptus","B","EMML_AS"
"Potamochoerus larvatus","B","EMML_AS"
"Lepus capensis","B","EMML_AS"
"Caracal caracal","B","EMML_AS"
"Genetta maculata","B","EMML_AS"
"Sylvicapra grimmia","B","EMML_AS"
"Phacochoerus africanus","B","EMML_AS"
"Cephalophus harveyi","B","EMML_AS"
"Mellivora capensis","B","EMML_AS"
"Madoqua kirkii","B","EMML_AS"
"Herpestes sanguineus","B","EMML_AS"
"Otolemur garnettii","B","EMML_AS"
"Bdeogale omnivora","B","EMML_AS"
"Nesotragus moschatus","B","EMML_AS"
"Ichneumia albicauda","B","EMML_AS"
"Papio cynocephalus","B","EMML_AS"
"Otocyon megalotis","C","EMML_AS"
"Chlorocebus pygerythrus","C","EMML_AS"
"Cricetomys ansorgei","C","EMML_AS"
"Kobus ellipsiprymnus","C","EMML_AS"
"Proteles cristata","C","EMML_AS"
"Ceratotherium simum","C","EMML_AS"
"Diceros bicornis","C","EMML_AS"
"Felis silvestris","C","EMML_AS"
"Heterohyrax brucei","C","EMML_AS"
"Philantomba monticola","C","EMML_AS"
"Nanger granti","C","EMML_AS"
"Panthera pardus","C","EMML_AS"
"Genetta genetta","C","EMML_AS"
"Canis adustus","C","EMML_AS"
"Ictonyx striatus","C","EMML_AS"
"Otolemur crassicaudatus","C","EMML_AS"
"Paragalago cocos","C","EMML_AS"
"Herpestes ichneumon","C","EMML_AS"
"Thryonomys gregorianus","C","EMML_AS"
"Canis mesomelas","C","EMML_AS"
"Hyaena hyaena","C","EMML_AS"
"Smutsia temminckii","C","EMML_AS"
"Aepyceros melampus","C","EMML_AS"
"Crocuta crocuta","C","EMML_AS"
"Redunca redunca","C","EMML_AS"
"Mungos mungo","C","EMML_AS"
"Aonyx capensis","C","EMML_AS"
"Leptailurus serval","C","EMML_AS"
"Thryonomys swinderianus","C","EMML_AS"
"Atilax paludinosus","C","EMML_AS"
"Tamias striatus","A","EMML_ATP"
"Spilogale putorius","A","EMML_ATP"
"Glaucomys volans","A","EMML_ATP"
"Sus scrofa","A","EMML_ATP"
"Mustela frenata","A","EMML_ATP"
"Ursus americanus","B","EMML_ATP"
"Sciurus carolinensis","B","EMML_ATP"
"Procyon lotor","B","EMML_ATP"
"Odocoileus virginianus","B","EMML_ATP"
"Didelphis virginiana","B","EMML_ATP"
"Canis latrans","B","EMML_ATP"
"Lynx rufus","B","EMML_ATP"
"Mephitis mephitis","B","EMML_ATP"
"Sciurus niger","B","EMML_ATP"
"Sylvilagus floridanus","B","EMML_ATP"
"Marmota monax","B","EMML_ATP"
"Vulpes vulpes","B","EMML_ATP"
"Urocyon cinereoargenteus","B","EMML_ATP"
"Martes pennanti","B","EMML_ATP"
"Taxidea taxus","C","EMML_ATP"
"Lepus europaeus","C","EMML_ATP"
"Lepus americanus","C","EMML_ATP"
"Sylvilagus obscurus","C","EMML_ATP"
"Castor canadensis","C","EMML_ATP"
"Lontra canadensis","C","EMML_ATP"
"Ondatra zibethicus","C","EMML_ATP"
"Neovison vison","C","EMML_ATP"
"Lynx rufus","A","EMML_CBWC"
"Tamias striatus","A","EMML_CBWC"
"Mustela erminea","A","EMML_CBWC"
"Sciurus carolinensis","B","EMML_CBWC"
"Odocoileus virginianus","B","EMML_CBWC"
"Procyon lotor","B","EMML_CBWC"
"Canis latrans","B","EMML_CBWC"
"Vulpes vulpes","B","EMML_CBWC"
"Sylvilagus floridanus","B","EMML_CBWC"
"Didelphis virginiana","B","EMML_CBWC"
"Urocyon cinereoargenteus","C","EMML_CBWC"
"Ursus americanus","C","EMML_CBWC"
"Martes pennanti","C","EMML_CBWC"
"Lepus americanus","C","EMML_CBWC"
"Marmota monax","C","EMML_CBWC"
"Mephitis mephitis","C","EMML_CBWC"
"Castor canadensis","C","EMML_CBWC"
"Lontra canadensis","C","EMML_CBWC"
"Ondatra zibethicus","C","EMML_CBWC"
"Neovison vison","C","EMML_CBWC"
"Spilogale gracilis","A","EMML_CHIR"
"Odocoileus virginianus","B","EMML_CHIR"
"Mephitis mephitis","B","EMML_CHIR"
"Lynx rufus","B","EMML_CHIR"
"Urocyon cinereoargenteus","B","EMML_CHIR"
"Otospermophilus variegatus","B","EMML_CHIR"
"Bassariscus astutus","B","EMML_CHIR"
"Pecari tajacu","B","EMML_CHIR"
"Nasua narica","B","EMML_CHIR"
"Puma concolor","B","EMML_CHIR"
"Ursus americanus","B","EMML_CHIR"
"Conepatus leuconotus","B","EMML_CHIR"
"Neotamias dorsalis","B","EMML_CHIR"
"Mephitis macroura","B","EMML_CHIR"
"Canis latrans","B","EMML_CHIR"
"Sylvilagus floridanus","B","EMML_CHIR"
"Odocoileus hemionus","C","EMML_CHIR"
"Taxidea taxus","C","EMML_CHIR"
"Lepus californicus","C","EMML_CHIR"
"Xerospermophilus spilosoma","C","EMML_CHIR"
"Vulpes macrotis","C","EMML_CHIR"
"Ovis canadensis","C","EMML_CHIR"
"Sylvilagus audubonii","C","EMML_CHIR"
"Procyon lotor","C","EMML_CHIR"
"Antilocapra americana","C","EMML_CHIR"
"Cynomys ludovicianus","C","EMML_CHIR"
"Erethizon dorsatum","C","EMML_CHIR"
"Lontra canadensis","C","EMML_CHIR"
"Herpestes urva","A","EMML_DYTP"
"Menetes berdmorei","A","EMML_DYTP"
"Muntiacus muntjak","A","EMML_DYTP"
"Callosciurus finlaysonii","A","EMML_DYTP"
"Canis aureus","A","EMML_DYTP"
"Tupaia belangeri","A","EMML_DYTP"
"Elephas maximus","B","EMML_DYTP"
"Atherurus macrourus","B","EMML_DYTP"
"Bos javanicus","B","EMML_DYTP"
"Paradoxurus hermaphroditus","B","EMML_DYTP"
"Bos gaurus","B","EMML_DYTP"
"Ursus thibetanus","B","EMML_DYTP"
"Viverra zibetha","B","EMML_DYTP"
"Prionailurus bengalensis","B","EMML_DYTP"
"Tragulus kanchil","B","EMML_DYTP"
"Hystrix brachyura","B","EMML_DYTP"
"Macaca leonina","B","EMML_DYTP"
"Muntiacus vaginalis","B","EMML_DYTP"
"Rusa unicolor","B","EMML_DYTP"
"Capricornis sumatraensis","B","EMML_DYTP"
"Helarctos malayanus","B","EMML_DYTP"
"Sus scrofa","B","EMML_DYTP"
"Neofelis nebulosa","B","EMML_DYTP"
"Cuon alpinus","B","EMML_DYTP"
"Melogale personata","B","EMML_DYTP"
"Pardofelis marmorata","B","EMML_DYTP"
"Herpestes javanicus","B","EMML_DYTP"
"Viverricula indica","B","EMML_DYTP"
"Prionodon pardicolor","B","EMML_DYTP"
"Manis javanica","B","EMML_DYTP"
"Martes flavigula","B","EMML_DYTP"
"Arctictis binturong","C","EMML_DYTP"
"Arctonyx collaris","C","EMML_DYTP"
"Rhizomys pruinosus","C","EMML_DYTP"
"Arctogalidia trivirgata","C","EMML_DYTP"
"Paguma larvata","C","EMML_DYTP"
"Lepus peguensis","C","EMML_DYTP"
"Nycticebus bengalensis","C","EMML_DYTP"
"Panthera tigris","C","EMML_DYTP"
"Hylobates pileatus","C","EMML_DYTP"
"Petaurista philippensis","C","EMML_DYTP"
"Ratufa bicolor","C","EMML_DYTP"
"Bandicota indica","C","EMML_DYTP"
"Catopuma temminckii","C","EMML_DYTP"
"Cannomys badius","C","EMML_DYTP"
"Felis chaus","C","EMML_DYTP"
"Rhizomys sumatrensis","C","EMML_DYTP"
"Viverra megaspila","C","EMML_DYTP"
"Tamiops macclellandii","C","EMML_DYTP"
"Macaca fascicularis","C","EMML_DYTP"
"Lutrogale perspicillata","C","EMML_DYTP"
"Aonyx cinereus","C","EMML_DYTP"
"Elephas maximus","B","EMML_DYTP"
"Atherurus macrourus","B","EMML_DYTP"
"Bos javanicus","B","EMML_DYTP"
"Paradoxurus hermaphroditus","B","EMML_DYTP"
"Bos gaurus","B","EMML_DYTP"
"Ursus thibetanus","B","EMML_DYTP"
"Viverra zibetha","B","EMML_DYTP"
"Prionailurus bengalensis","B","EMML_DYTP"
"Tragulus kanchil","B","EMML_DYTP"
"Hystrix brachyura","B","EMML_DYTP"
"Macaca leonina","B","EMML_DYTP"
"Muntiacus vaginalis","B","EMML_DYTP"
"Rusa unicolor","B","EMML_DYTP"
"Capricornis sumatraensis","B","EMML_DYTP"
"Helarctos malayanus","B","EMML_DYTP"
"Sus scrofa","B","EMML_DYTP"
"Neofelis nebulosa","B","EMML_DYTP"
"Cuon alpinus","B","EMML_DYTP"
"Melogale personata","B","EMML_DYTP"
"Pardofelis marmorata","B","EMML_DYTP"
"Herpestes javanicus","B","EMML_DYTP"
"Viverricula indica","B","EMML_DYTP"
"Prionodon pardicolor","B","EMML_DYTP"
"Manis javanica","B","EMML_DYTP"
"Martes flavigula","B","EMML_DYTP"
"Ursus americanus","C","EMML_EWP"
"Sciurus niger","C","EMML_EWP"
"Lepus americanus","C","EMML_EWP"
"Lynx rufus","C","EMML_EWP"
"Marmota monax","C","EMML_EWP"
"Canis latrans","C","EMML_EWP"
"Mephitis mephitis","C","EMML_EWP"
"Castor canadensis","C","EMML_EWP"
"Lontra canadensis","C","EMML_EWP"
"Ondatra zibethicus","C","EMML_EWP"
"Neovison vison","C","EMML_EWP"
"Tamias striatus","A","EMML_FLWP"
"Glaucomys volans","A","EMML_FLWP"
"Tamiasciurus hudsonicus","A","EMML_FLWP"
"Sciurus carolinensis","B","EMML_FLWP"
"Procyon lotor","B","EMML_FLWP"
"Sylvilagus floridanus","B","EMML_FLWP"
"Odocoileus virginianus","B","EMML_FLWP"
"Didelphis virginiana","B","EMML_FLWP"
"Vulpes vulpes","B","EMML_FLWP"
"Urocyon cinereoargenteus","B","EMML_FLWP"
"Mephitis mephitis","B","EMML_FLWP"
"Ursus americanus","B","EMML_FLWP"
"Taxidea taxus","C","EMML_FLWP"
"Lepus europaeus","C","EMML_FLWP"
"Martes pennanti","C","EMML_FLWP"
"Sciurus niger","C","EMML_FLWP"
"Lepus americanus","C","EMML_FLWP"
"Lynx rufus","C","EMML_FLWP"
"Marmota monax","C","EMML_FLWP"
"Canis latrans","C","EMML_FLWP"
"Erethizon dorsatum","C","EMML_FLWP"
"Castor canadensis","C","EMML_FLWP"
"Lontra canadensis","C","EMML_FLWP"
"Ondatra zibethicus","C","EMML_FLWP"
"Neovison vison","C","EMML_FLWP"
"Herpestes urva","A","EMML_HKK"
"Menetes berdmorei","A","EMML_HKK"
"Tapirus indicus","A","EMML_HKK"
"Tupaia belangeri","A","EMML_HKK"
"Muntiacus muntjak","A","EMML_HKK"
"Elephas maximus","B","EMML_HKK"
"Atherurus macrourus","B","EMML_HKK"
"Catopuma temminckii","B","EMML_HKK"
"Bos javanicus","B","EMML_HKK"
"Paradoxurus hermaphroditus","B","EMML_HKK"
"Macaca fascicularis","B","EMML_HKK"
"Cuon alpinus","B","EMML_HKK"
"Bos gaurus","B","EMML_HKK"
"Canis aureus","B","EMML_HKK"
"Ursus thibetanus","B","EMML_HKK"
"Arctonyx collaris","B","EMML_HKK"
"Viverra zibetha","B","EMML_HKK"
"Viverra megaspila","B","EMML_HKK"
"Melogale personata","B","EMML_HKK"
"Panthera pardus","B","EMML_HKK"
"Prionailurus bengalensis","B","EMML_HKK"
"Hystrix brachyura","B","EMML_HKK"
"Paguma larvata","B","EMML_HKK"
"Macaca leonina","B","EMML_HKK"
"Muntiacus vaginalis","B","EMML_HKK"
"Rusa unicolor","B","EMML_HKK"
"Viverricula indica","B","EMML_HKK"
"Helarctos malayanus","B","EMML_HKK"
"Manis javanica","B","EMML_HKK"
"Panthera tigris","B","EMML_HKK"
"Sus scrofa","B","EMML_HKK"
"Martes flavigula","B","EMML_HKK"
"Macaca arctoides","C","EMML_HKK"
"Muntiacus feae","C","EMML_HKK"
"Arctictis binturong","C","EMML_HKK"
"Rhizomys pruinosus","C","EMML_HKK"
"Arctogalidia trivirgata","C","EMML_HKK"
"Macaca assamensis","C","EMML_HKK"
"Prionodon linsang","C","EMML_HKK"
"Trachypithecus phayrei","C","EMML_HKK"
"Petaurista elegans","C","EMML_HKK"
"Lepus peguensis","C","EMML_HKK"
"Nycticebus bengalensis","C","EMML_HKK"
"Hylobates lar","C","EMML_HKK"
"Petaurista philippensis","C","EMML_HKK"
"Ratufa bicolor","C","EMML_HKK"
"Mustela strigidorsa","C","EMML_HKK"
"Petaurista petaurista","C","EMML_HKK"
"Capricornis sumatraensis","C","EMML_HKK"
"Trachypithecus germaini","C","EMML_HKK"
"Herpestes javanicus","C","EMML_HKK"
"Bandicota indica","C","EMML_HKK"
"Cannomys badius","C","EMML_HKK"
"Felis chaus","C","EMML_HKK"
"Rhizomys sumatrensis","C","EMML_HKK"
"Tragulus kanchil","C","EMML_HKK"
"Neofelis nebulosa","C","EMML_HKK"
"Tamiops macclellandii","C","EMML_HKK"
"Trachypithecus barbei","C","EMML_HKK"
"Pardofelis marmorata","C","EMML_HKK"
"Bubalus arnee","C","EMML_HKK"
"Lutra lutra","C","EMML_HKK"
"Lutrogale perspicillata","C","EMML_HKK"
"Aonyx cinereus","C","EMML_HKK"
"Tamiasciurus hudsonicus","A","EMML_ICTS"
"Odocoileus virginianus","B","EMML_ICTS"
"Procyon lotor","B","EMML_ICTS"
"Urocyon cinereoargenteus","B","EMML_ICTS"
"Sciurus carolinensis","B","EMML_ICTS"
"Didelphis virginiana","B","EMML_ICTS"
"Vulpes vulpes","B","EMML_ICTS"
"Canis latrans","B","EMML_ICTS"
"Mephitis mephitis","B","EMML_ICTS"
"Sylvilagus floridanus","B","EMML_ICTS"
"Marmota monax","B","EMML_ICTS"
"Lynx rufus","B","EMML_ICTS"
"Castor canadensis","B","EMML_ICTS"
"Taxidea taxus","C","EMML_ICTS"
"Lepus europaeus","C","EMML_ICTS"
"Ursus americanus","C","EMML_ICTS"
"Sylvilagus transitionalis","C","EMML_ICTS"
"Sylvilagus palustris","C","EMML_ICTS"
"Martes pennanti","C","EMML_ICTS"
"Sciurus niger","C","EMML_ICTS"
"Lepus americanus","C","EMML_ICTS"
"Canis rufus","C","EMML_ICTS"
"Sylvilagus obscurus","C","EMML_ICTS"
"Erethizon dorsatum","C","EMML_ICTS"
"Alces alces","C","EMML_ICTS"
"Lontra canadensis","C","EMML_ICTS"
"Ondatra zibethicus","C","EMML_ICTS"
"Phoca vitulina","C","EMML_ICTS"
"Neovison vison","C","EMML_ICTS"
"Sciurus carolinensis","A","EMML_LEAF"
"Tamiasciurus douglasii","A","EMML_LEAF"
"Glaucomys sabrinus","A","EMML_LEAF"
"Procyon lotor","B","EMML_LEAF"
"Aplodontia rufa","B","EMML_LEAF"
"Odocoileus hemionus","B","EMML_LEAF"
"Canis latrans","B","EMML_LEAF"
"Didelphis virginiana","B","EMML_LEAF"
"Lontra canadensis","B","EMML_LEAF"
"Vulpes vulpes","C","EMML_LEAF"
"Marmota caligata","C","EMML_LEAF"
"Lepus americanus","C","EMML_LEAF"
"Lynx rufus","C","EMML_LEAF"
"Neotamias townsendii","C","EMML_LEAF"
"Mephitis mephitis","C","EMML_LEAF"
"Cervus canadensis","C","EMML_LEAF"
"Martes americana","C","EMML_LEAF"
"Erethizon dorsatum","C","EMML_LEAF"
"Sylvilagus floridanus","C","EMML_LEAF"
"Puma concolor","C","EMML_LEAF"
"Castor canadensis","C","EMML_LEAF"
"Ondatra zibethicus","C","EMML_LEAF"
"Neovison vison","C","EMML_LEAF"
"Glaucomys volans","A","EMML_MKLB"
"Odocoileus virginianus","B","EMML_MKLB"
"Procyon lotor","B","EMML_MKLB"
"Sciurus carolinensis","B","EMML_MKLB"
"Canis latrans","B","EMML_MKLB"
"Didelphis virginiana","B","EMML_MKLB"
"Vulpes vulpes","B","EMML_MKLB"
"Sylvilagus floridanus","B","EMML_MKLB"
"Urocyon cinereoargenteus","B","EMML_MKLB"
"Lynx rufus","B","EMML_MKLB"
"Mephitis mephitis","B","EMML_MKLB"
"Sciurus niger","C","EMML_MKLB"
"Castor canadensis","C","EMML_MKLB"
"Lontra canadensis","C","EMML_MKLB"
"Ondatra zibethicus","C","EMML_MKLB"
"Neovison vison","C","EMML_MKLB"
"Atherurus africanus","A","EMML_MKS"
"Hystrix cristata","A","EMML_MKS"
"Atelerix albiventris","A","EMML_MKS"
"Orycteropus afer","B","EMML_MKS"
"Syncerus caffer","B","EMML_MKS"
"Loxodonta africana","B","EMML_MKS"
"Cephalophus nigrifrons","B","EMML_MKS"
"Cercopithecus mitis","B","EMML_MKS"
"Redunca redunca","B","EMML_MKS"
"Tragelaphus scriptus","B","EMML_MKS"
"Potamochoerus larvatus","B","EMML_MKS"
"Lepus capensis","B","EMML_MKS"
"Genetta maculata","B","EMML_MKS"
"Sylvicapra grimmia","B","EMML_MKS"
"Tragelaphus oryx","B","EMML_MKS"
"Genetta genetta","B","EMML_MKS"
"Lophiomys imhausi","B","EMML_MKS"
"Mellivora capensis","B","EMML_MKS"
"Bdeogale jacksoni","B","EMML_MKS"
"Panthera pardus","B","EMML_MKS"
"Atilax paludinosus","B","EMML_MKS"
"Procavia capensis","B","EMML_MKS"
"Leptailurus serval","B","EMML_MKS"
"Herpestes sanguineus","B","EMML_MKS"
"Dendrohyrax arboreus","B","EMML_MKS"
"Crocuta crocuta","B","EMML_MKS"
"Raphicerus campestris","B","EMML_MKS"
"Hyaena hyaena","B","EMML_MKS"
"Nesotragus moschatus","B","EMML_MKS"
"Ictonyx striatus","B","EMML_MKS"
"Otocyon megalotis","C","EMML_MKS"
"Chlorocebus pygerythrus","C","EMML_MKS"
"Cricetomys ansorgei","C","EMML_MKS"
"Kobus ellipsiprymnus","C","EMML_MKS"
"Redunca fulvorufula","C","EMML_MKS"
"Alcelaphus buselaphus","C","EMML_MKS"
"Proteles cristata","C","EMML_MKS"
"Otolemur garnettii","C","EMML_MKS"
"Ceratotherium simum","C","EMML_MKS"
"Diceros bicornis","C","EMML_MKS"
"Hylomyscus endorobae","C","EMML_MKS"
"Felis silvestris","C","EMML_MKS"
"Ichneumia albicauda","C","EMML_MKS"
"Heterohyrax brucei","C","EMML_MKS"
"Tragelaphus strepsiceros","C","EMML_MKS"
"Gerbillus harwoodi","C","EMML_MKS"
"Tragelaphus eurycerus","C","EMML_MKS"
"Equus quagga","C","EMML_MKS"
"Lepus victoriae","C","EMML_MKS"
"Canis adustus","C","EMML_MKS"
"Phacochoerus africanus","C","EMML_MKS"
"Oreotragus oreotragus","C","EMML_MKS"
"Civettictis civetta","C","EMML_MKS"
"Nandinia binotata","C","EMML_MKS"
"Caracal caracal","C","EMML_MKS"
"Cephalophus harveyi","C","EMML_MKS"
"Hylochoerus meinertzhageni","C","EMML_MKS"
"Colobus guereza","C","EMML_MKS"
"Herpestes ichneumon","C","EMML_MKS"
"Genetta servalina","C","EMML_MKS"
"Thryonomys gregorianus","C","EMML_MKS"
"Madoqua kirkii","C","EMML_MKS"
"Canis mesomelas","C","EMML_MKS"
"Papio anubis","C","EMML_MKS"
"Smutsia temminckii","C","EMML_MKS"
"Aepyceros melampus","C","EMML_MKS"
"Mungos mungo","C","EMML_MKS"
"Canis lupaster","C","EMML_MKS"
"Aonyx capensis","C","EMML_MKS"
"Hydrictis maculicollis","C","EMML_MKS"
"Thryonomys swinderianus","C","EMML_MKS"
"Tamias striatus","A","EMML_NCCC"
"Sus scrofa","A","EMML_NCCC"
"Cervus elaphus","A","EMML_NCCC"
"Glaucomys volans","A","EMML_NCCC"
"Neotoma floridana","A","EMML_NCCC"
"Mustela frenata","A","EMML_NCCC"
"Tamiasciurus hudsonicus","A","EMML_NCCC"
"Odocoileus virginianus","B","EMML_NCCC"
"Procyon lotor","B","EMML_NCCC"
"Sciurus carolinensis","B","EMML_NCCC"
"Sylvilagus floridanus","B","EMML_NCCC"
"Canis latrans","B","EMML_NCCC"
"Didelphis virginiana","B","EMML_NCCC"
"Ursus americanus","B","EMML_NCCC"
"Lynx rufus","B","EMML_NCCC"
"Urocyon cinereoargenteus","B","EMML_NCCC"
"Marmota monax","B","EMML_NCCC"
"Mephitis mephitis","B","EMML_NCCC"
"Vulpes vulpes","B","EMML_NCCC"
"Sylvilagus obscurus","B","EMML_NCCC"
"Sylvilagus palustris","B","EMML_NCCC"
"Sciurus niger","B","EMML_NCCC"
"Lontra canadensis","B","EMML_NCCC"
"Castor canadensis","B","EMML_NCCC"
"Canis rufus","B","EMML_NCCC"
"Sylvilagus aquaticus","C","EMML_NCCC"
"Lepus americanus","C","EMML_NCCC"
"Erethizon dorsatum","C","EMML_NCCC"
"Ondatra zibethicus","C","EMML_NCCC"
"Phoca vitulina","C","EMML_NCCC"
"Neovison vison","C","EMML_NCCC"
"Glaucomys volans","A","EMML_NCSU"
"Odocoileus virginianus","B","EMML_NCSU"
"Sciurus carolinensis","B","EMML_NCSU"
"Marmota monax","B","EMML_NCSU"
"Canis latrans","B","EMML_NCSU"
"Didelphis virginiana","B","EMML_NCSU"
"Urocyon cinereoargenteus","B","EMML_NCSU"
"Procyon lotor","B","EMML_NCSU"
"Vulpes vulpes","B","EMML_NCSU"
"Sylvilagus floridanus","B","EMML_NCSU"
"Castor canadensis","B","EMML_NCSU"
"Lontra canadensis","B","EMML_NCSU"
"Mephitis mephitis","B","EMML_NCSU"
"Sylvilagus palustris","C","EMML_NCSU"
"Sciurus niger","C","EMML_NCSU"
"Lynx rufus","C","EMML_NCSU"
"Ondatra zibethicus","C","EMML_NCSU"
"Neovison vison","C","EMML_NCSU"
"Ammospermophilus harrisii","A","EMML_OPRI"
"Neotoma albigula","A","EMML_OPRI"
"Spilogale gracilis","A","EMML_OPRI"
"Dipodomys merriami","A","EMML_OPRI"
"Dipodomys deserti","A","EMML_OPRI"
"Canis latrans","B","EMML_OPRI"
"Vulpes macrotis","B","EMML_OPRI"
"Taxidea taxus","B","EMML_OPRI"
"Lepus californicus","B","EMML_OPRI"
"Antilocapra americana","B","EMML_OPRI"
"Sylvilagus audubonii","B","EMML_OPRI"
"Lepus alleni","B","EMML_OPRI"
"Urocyon cinereoargenteus","B","EMML_OPRI"
"Xerospermophilus tereticaudus","B","EMML_OPRI"
"Odocoileus hemionus","B","EMML_OPRI"
"Lynx rufus","B","EMML_OPRI"
"Otospermophilus variegatus","B","EMML_OPRI"
"Pecari tajacu","B","EMML_OPRI"
"Odocoileus virginianus","B","EMML_OPRI"
"Mephitis mephitis","B","EMML_OPRI"
"Nasua narica","C","EMML_OPRI"
"Mephitis macroura","C","EMML_OPRI"
"Ovis canadensis","C","EMML_OPRI"
"Procyon lotor","C","EMML_OPRI"
"Bassariscus astutus","C","EMML_OPRI"
"Erethizon dorsatum","C","EMML_OPRI"
"Sylvilagus floridanus","C","EMML_OPRI"
"Puma concolor","C","EMML_OPRI"
"Castor canadensis","C","EMML_OPRI"
"Lontra canadensis","C","EMML_OPRI"
"Philander andersoni","A","EMML_PA"
"Metachirus nudicaudatus","A","EMML_PA"
"Puma concolor","A","EMML_PA"
"Cebus albifrons","A","EMML_PA"
"Mazama nemorivaga","B","EMML_PA"
"Dasyprocta fuliginosa","B","EMML_PA"
"Didelphis marsupialis","B","EMML_PA"
"Speothos venaticus","B","EMML_PA"
"Pecari tajacu","B","EMML_PA"
"Myrmecophaga tridactyla","B","EMML_PA"
"Priodontes maximus","B","EMML_PA"
"Galictis vittata","B","EMML_PA"
"Panthera onca","B","EMML_PA"
"Herpailurus yagouaroundi","B","EMML_PA"
"Tapirus terrestris","B","EMML_PA"
"Leopardus wiedii","B","EMML_PA"
"Leopardus pardalis","B","EMML_PA"
"Mazama americana","B","EMML_PA"
"Atelocynus microtis","B","EMML_PA"
"Nasua nasua","B","EMML_PA"
"Tamandua tetradactyla","B","EMML_PA"
"Cuniculus paca","B","EMML_PA"
"Eira barbara","B","EMML_PA"
"Tayassu pecari","B","EMML_PA"
"Coendou prehensilis","C","EMML_PA"
"Saimiri cassiquiarensis","C","EMML_PA"
"Hylaeamys perenensis","C","EMML_PA"
"Sapajus apella","C","EMML_PA"
"Lagothrix lagothricha","C","EMML_PA"
"Myoprocta pratti","C","EMML_PA"
"Echimys saturnus","C","EMML_PA"
"Mustela africana","C","EMML_PA"
"Euryoryzomys macconnelli","C","EMML_PA"
"Alouatta seniculus","C","EMML_PA"
"Sciurus igniventris","C","EMML_PA"
"Cebus yuracus","C","EMML_PA"
"Plecturocebus discolor","C","EMML_PA"
"Cebuella pygmaea","C","EMML_PA"
"Marmosa regina","C","EMML_PA"
"Pattonomys occasius","C","EMML_PA"
"Pithecia napensis","C","EMML_PA"
"Hylaeamys yunganus","C","EMML_PA"
"Leopardus tigrinus","C","EMML_PA"
"Leontocebus lagonotus","C","EMML_PA"
"Choloepus didactylus","C","EMML_PA"
"Bradypus variegatus","C","EMML_PA"
"Cabassous unicinctus","C","EMML_PA"
"Alouatta juara","C","EMML_PA"
"Coendou ichillus","C","EMML_PA"
"Ateles belzebuth","C","EMML_PA"
"Potos flavus","C","EMML_PA"
"Dasypus novemcinctus","C","EMML_PA"
"Dasypus kappleri","C","EMML_PA"
"Bassaricyon alleni","C","EMML_PA"
"Aotus vociferans","C","EMML_PA"
"Dactylomys dactylinus","C","EMML_PA"
"Coendou bicolor","C","EMML_PA"
"Dinomys branickii","C","EMML_PA"
"Chironectes minimus","C","EMML_PA"
"Hydrochoerus hydrochaeris","C","EMML_PA"
"Lontra longicaudis","C","EMML_PA"
"Pteronura brasiliensis","C","EMML_PA"
"Procyon cancrivorus","C","EMML_PA"
"Glaucomys volans","A","EMML_PRP"
"Tamias striatus","A","EMML_PRP"
"Odocoileus virginianus","B","EMML_PRP"
"Urocyon cinereoargenteus","B","EMML_PRP"
"Canis latrans","B","EMML_PRP"
"Procyon lotor","B","EMML_PRP"
"Sylvilagus floridanus","B","EMML_PRP"
"Didelphis virginiana","B","EMML_PRP"
"Sciurus carolinensis","B","EMML_PRP"
"Vulpes vulpes","B","EMML_PRP"
"Marmota monax","B","EMML_PRP"
"Lynx rufus","B","EMML_PRP"
"Lontra canadensis","B","EMML_PRP"
"Ursus americanus","C","EMML_PRP"
"Sylvilagus palustris","C","EMML_PRP"
"Sciurus niger","C","EMML_PRP"
"Mephitis mephitis","C","EMML_PRP"
"Castor canadensis","C","EMML_PRP"
"Ondatra zibethicus","C","EMML_PRP"
"Neovison vison","C","EMML_PRP"
"Tamias striatus","A","EMML_RBS"
"Procyon lotor","B","EMML_RBS"
"Vulpes vulpes","B","EMML_RBS"
"Sciurus carolinensis","B","EMML_RBS"
"Didelphis virginiana","B","EMML_RBS"
"Odocoileus virginianus","B","EMML_RBS"
"Sylvilagus floridanus","B","EMML_RBS"
"Urocyon cinereoargenteus","B","EMML_RBS"
"Canis latrans","B","EMML_RBS"
"Marmota monax","B","EMML_RBS"
"Sylvilagus palustris","C","EMML_RBS"
"Sciurus niger","C","EMML_RBS"
"Lynx rufus","C","EMML_RBS"
"Mephitis mephitis","C","EMML_RBS"
"Castor canadensis","C","EMML_RBS"
"Lontra canadensis","C","EMML_RBS"
"Ondatra zibethicus","C","EMML_RBS"
"Neovison vison","C","EMML_RBS"
"Tamias striatus","A","EMML_REMA"
"Neotoma floridana","A","EMML_REMA"
"Glaucomys volans","A","EMML_REMA"
"Mustela frenata","A","EMML_REMA"
"Spilogale putorius","A","EMML_REMA"
"Mustela nivalis","A","EMML_REMA"
"Sus scrofa","A","EMML_REMA"
"Vulpes vulpes","B","EMML_REMA"
"Odocoileus virginianus","B","EMML_REMA"
"Sciurus carolinensis","B","EMML_REMA"
"Didelphis virginiana","B","EMML_REMA"
"Procyon lotor","B","EMML_REMA"
"Canis latrans","B","EMML_REMA"
"Sciurus niger","B","EMML_REMA"
"Marmota monax","B","EMML_REMA"
"Ursus americanus","B","EMML_REMA"
"Lynx rufus","B","EMML_REMA"
"Sylvilagus floridanus","B","EMML_REMA"
"Mephitis mephitis","B","EMML_REMA"
"Urocyon cinereoargenteus","B","EMML_REMA"
"Martes pennanti","B","EMML_REMA"
"Lontra canadensis","B","EMML_REMA"
"Sylvilagus palustris","C","EMML_REMA"
"Sylvilagus aquaticus","C","EMML_REMA"
"Dasypus novemcinctus","C","EMML_REMA"
"Lepus americanus","C","EMML_REMA"
"Sylvilagus obscurus","C","EMML_REMA"
"Erethizon dorsatum","C","EMML_REMA"
"Castor canadensis","C","EMML_REMA"
"Ondatra zibethicus","C","EMML_REMA"
"Phoca vitulina","C","EMML_REMA"
"Neovison vison","C","EMML_REMA"
"Vulpes vulpes","B","EMML_REMA"
"Odocoileus virginianus","B","EMML_REMA"
"Sciurus carolinensis","B","EMML_REMA"
"Didelphis virginiana","B","EMML_REMA"
"Procyon lotor","B","EMML_REMA"
"Canis latrans","B","EMML_REMA"
"Sciurus niger","B","EMML_REMA"
"Marmota monax","B","EMML_REMA"
"Ursus americanus","B","EMML_REMA"
"Lynx rufus","B","EMML_REMA"
"Sylvilagus floridanus","B","EMML_REMA"
"Mephitis mephitis","B","EMML_REMA"
"Urocyon cinereoargenteus","B","EMML_REMA"
"Martes pennanti","B","EMML_REMA"
"Lontra canadensis","B","EMML_REMA"
"Sylvilagus palustris","C","EMML_RLWK"
"Sciurus niger","C","EMML_RLWK"
"Lynx rufus","C","EMML_RLWK"
"Marmota monax","C","EMML_RLWK"
"Mephitis mephitis","C","EMML_RLWK"
"Lontra canadensis","C","EMML_RLWK"
"Ondatra zibethicus","C","EMML_RLWK"
"Neovison vison","C","EMML_RLWK"
"Glaucomys volans","A","EMML_SCBIF"
"Tamias striatus","A","EMML_SCBIF"
"Odocoileus virginianus","B","EMML_SCBIF"
"Sciurus carolinensis","B","EMML_SCBIF"
"Procyon lotor","B","EMML_SCBIF"
"Didelphis virginiana","B","EMML_SCBIF"
"Vulpes vulpes","B","EMML_SCBIF"
"Lynx rufus","B","EMML_SCBIF"
"Sylvilagus floridanus","B","EMML_SCBIF"
"Sciurus niger","B","EMML_SCBIF"
"Ursus americanus","B","EMML_SCBIF"
"Neovison vison","B","EMML_SCBIF"
"Canis latrans","B","EMML_SCBIF"
"Urocyon cinereoargenteus","B","EMML_SCBIF"
"Lepus americanus","C","EMML_SCBIF"
"Marmota monax","C","EMML_SCBIF"
"Mephitis mephitis","C","EMML_SCBIF"
"Castor canadensis","C","EMML_SCBIF"
"Lontra canadensis","C","EMML_SCBIF"
"Ondatra zibethicus","C","EMML_SCBIF"
"Oryx beisa","A","EMML_SDK"
"Helogale parvula","A","EMML_SDK"
"Hystrix cristata","A","EMML_SDK"
"Camelus dromedarius","A","EMML_SDK"
"Giraffa camelopardalis","A","EMML_SDK"
"Hippopotamus amphibius","A","EMML_SDK"
"Xerus erythropus","A","EMML_SDK"
"Xerus rutilus","A","EMML_SDK"
"Cephalophus silvicultor","A","EMML_SDK"
"Orycteropus afer","B","EMML_SDK"
"Syncerus caffer","B","EMML_SDK"
"Loxodonta africana","B","EMML_SDK"
"Lycaon pictus","B","EMML_SDK"
"Diceros bicornis","B","EMML_SDK"
"Canis mesomelas","B","EMML_SDK"
"Tragelaphus scriptus","B","EMML_SDK"
"Caracal caracal","B","EMML_SDK"
"Genetta maculata","B","EMML_SDK"
"Sylvicapra grimmia","B","EMML_SDK"
"Tragelaphus oryx","B","EMML_SDK"
"Genetta genetta","B","EMML_SDK"
"Phacochoerus africanus","B","EMML_SDK"
"Litocranius walleri","B","EMML_SDK"
"Nanger granti","B","EMML_SDK"
"Tragelaphus strepsiceros","B","EMML_SDK"
"Equus grevyi","B","EMML_SDK"
"Madoqua guentheri","B","EMML_SDK"
"Aepyceros melampus","B","EMML_SDK"
"Madoqua kirkii","B","EMML_SDK"
"Panthera pardus","B","EMML_SDK"
"Tragelaphus imberbis","B","EMML_SDK"
"Papio anubis","B","EMML_SDK"
"Equus quagga","B","EMML_SDK"
"Herpestes sanguineus","B","EMML_SDK"
"Crocuta crocuta","B","EMML_SDK"
"Raphicerus campestris","B","EMML_SDK"
"Hyaena hyaena","B","EMML_SDK"
"Eudorcas thomsonii","B","EMML_SDK"
"Chlorocebus pygerythrus","B","EMML_SDK"
"Kobus ellipsiprymnus","B","EMML_SDK"
"Ceratotherium simum","B","EMML_SDK"
"Ichneumia albicauda","B","EMML_SDK"
"Ictonyx striatus","B","EMML_SDK"
"Cercopithecus mitis","C","EMML_SDK"
"Otocyon megalotis","C","EMML_SDK"
"Dendrohyrax arboreus","C","EMML_SDK"
"Cricetomys ansorgei","C","EMML_SDK"
"Acinonyx jubatus","C","EMML_SDK"
"Redunca fulvorufula","C","EMML_SDK"
"Alcelaphus buselaphus","C","EMML_SDK"
"Lophiomys imhausi","C","EMML_SDK"
"Proteles cristata","C","EMML_SDK"
"Otolemur garnettii","C","EMML_SDK"
"Felis silvestris","C","EMML_SDK"
"Potamochoerus larvatus","C","EMML_SDK"
"Heterohyrax brucei","C","EMML_SDK"
"Gerbillus harwoodi","C","EMML_SDK"
"Erythrocebus patas","C","EMML_SDK"
"Lepus victoriae","C","EMML_SDK"
"Lepus capensis","C","EMML_SDK"
"Canis adustus","C","EMML_SDK"
"Oreotragus oreotragus","C","EMML_SDK"
"Civettictis civetta","C","EMML_SDK"
"Nandinia binotata","C","EMML_SDK"
"Hylochoerus meinertzhageni","C","EMML_SDK"
"Panthera leo","C","EMML_SDK"
"Gerbillus cosensis","C","EMML_SDK"
"Herpestes ichneumon","C","EMML_SDK"
"Thryonomys gregorianus","C","EMML_SDK"
"Procavia capensis","C","EMML_SDK"
"Smutsia temminckii","C","EMML_SDK"
"Redunca redunca","C","EMML_SDK"
"Mellivora capensis","C","EMML_SDK"
"Mungos mungo","C","EMML_SDK"
"Canis lupaster","C","EMML_SDK"
"Aonyx capensis","C","EMML_SDK"
"Leptailurus serval","C","EMML_SDK"
"Hydrictis maculicollis","C","EMML_SDK"
"Thryonomys swinderianus","C","EMML_SDK"
"Atilax paludinosus","C","EMML_SDK"
"Tamias striatus","A","EMML_SDNA"
"Procyon lotor","B","EMML_SDNA"
"Sciurus carolinensis","B","EMML_SDNA"
"Canis latrans","B","EMML_SDNA"
"Didelphis virginiana","B","EMML_SDNA"
"Odocoileus virginianus","B","EMML_SDNA"
"Urocyon cinereoargenteus","B","EMML_SDNA"
"Vulpes vulpes","B","EMML_SDNA"
"Ursus americanus","B","EMML_SDNA"
"Sylvilagus floridanus","B","EMML_SDNA"
"Lynx rufus","B","EMML_SDNA"
"Marmota monax","B","EMML_SDNA"
"Ondatra zibethicus","B","EMML_SDNA"
"Mephitis mephitis","B","EMML_SDNA"
"Sylvilagus palustris","C","EMML_SDNA"
"Sciurus niger","C","EMML_SDNA"
"Sylvilagus obscurus","C","EMML_SDNA"
"Castor canadensis","C","EMML_SDNA"
"Lontra canadensis","C","EMML_SDNA"
"Neovison vison","C","EMML_SDNA"
"Odocoileus hemionus","C","EMML_SEQU"
"Taxidea taxus","C","EMML_SEQU"
"Sylvilagus nuttallii","C","EMML_SEQU"
"Aplodontia rufa","C","EMML_SEQU"
"Neotamias panamintinus","C","EMML_SEQU"
"Lepus californicus","C","EMML_SEQU"
"Neotamias merriami","C","EMML_SEQU"
"Neotamias alpinus","C","EMML_SEQU"
"Otospermophilus beecheyi","C","EMML_SEQU"
"Neotamias speciosus","C","EMML_SEQU"
"Vulpes macrotis","C","EMML_SEQU"
"Martes pennanti","C","EMML_SEQU"
"Ovis canadensis","C","EMML_SEQU"
"Sylvilagus audubonii","C","EMML_SEQU"
"Callospermophilus lateralis","C","EMML_SEQU"
"Neotamias umbrinus","C","EMML_SEQU"
"Canis latrans","C","EMML_SEQU"
"Neotamias amoenus","C","EMML_SEQU"
"Bassariscus astutus","C","EMML_SEQU"
"Cervus canadensis","C","EMML_SEQU"
"Martes americana","C","EMML_SEQU"
"Erethizon dorsatum","C","EMML_SEQU"
"Sylvilagus bachmani","C","EMML_SEQU"
"Puma concolor","C","EMML_SEQU"
"Castor canadensis","C","EMML_SEQU"
"Lontra canadensis","C","EMML_SEQU"
"Ondatra zibethicus","C","EMML_SEQU"
"Neovison vison","C","EMML_SEQU"
"Urocyon cinereoargenteus","C","EMML_SERCF"
"Sciurus niger","C","EMML_SERCF"
"Marmota monax","C","EMML_SERCF"
"Canis latrans","C","EMML_SERCF"
"Mephitis mephitis","C","EMML_SERCF"
"Castor canadensis","C","EMML_SERCF"
"Lontra canadensis","C","EMML_SERCF"
"Ondatra zibethicus","C","EMML_SERCF"
"Neovison vison","C","EMML_SERCF"
"Cephalophus spadix","A","EMML_SH"
"Rhynchocyon petersi","A","EMML_SH"
"Bdeogale crassicauda","A","EMML_SH"
"Helogale parvula","A","EMML_SH"
"Hystrix cristata","A","EMML_SH"
"Phacochoerus aethiopicus","A","EMML_SH"
"Petrodromus tetradactylus","A","EMML_SH"
"Cricetomys gambianus","A","EMML_SH"
"Papio anubis","A","EMML_SH"
"Paraxerus palliatus","A","EMML_SH"
"Orycteropus afer","B","EMML_SH"
"Syncerus caffer","B","EMML_SH"
"Civettictis civetta","B","EMML_SH"
"Loxodonta africana","B","EMML_SH"
"Cercopithecus mitis","B","EMML_SH"
"Tragelaphus scriptus","B","EMML_SH"
"Potamochoerus larvatus","B","EMML_SH"
"Genetta maculata","B","EMML_SH"
"Sylvicapra grimmia","B","EMML_SH"
"Phacochoerus africanus","B","EMML_SH"
"Cephalophus harveyi","B","EMML_SH"
"Panthera pardus","B","EMML_SH"
"Atilax paludinosus","B","EMML_SH"
"Hippotragus niger","B","EMML_SH"
"Otolemur garnettii","B","EMML_SH"
"Crocuta crocuta","B","EMML_SH"
"Nesotragus moschatus","B","EMML_SH"
"Kobus ellipsiprymnus","B","EMML_SH"
"Papio cynocephalus","B","EMML_SH"
"Otocyon megalotis","C","EMML_SH"
"Dendrohyrax arboreus","C","EMML_SH"
"Chlorocebus pygerythrus","C","EMML_SH"
"Cricetomys ansorgei","C","EMML_SH"
"Alcelaphus buselaphus","C","EMML_SH"
"Proteles cristata","C","EMML_SH"
"Ceratotherium simum","C","EMML_SH"
"Diceros bicornis","C","EMML_SH"
"Felis silvestris","C","EMML_SH"
"Ichneumia albicauda","C","EMML_SH"
"Herpestes sanguineus","C","EMML_SH"
"Heterohyrax brucei","C","EMML_SH"
"Dendrohyrax validus","C","EMML_SH"
"Bdeogale omnivora","C","EMML_SH"
"Philantomba monticola","C","EMML_SH"
"Equus quagga","C","EMML_SH"
"Genetta genetta","C","EMML_SH"
"Lepus capensis","C","EMML_SH"
"Canis adustus","C","EMML_SH"
"Ictonyx striatus","C","EMML_SH"
"Otolemur crassicaudatus","C","EMML_SH"
"Caracal caracal","C","EMML_SH"
"Paragalago cocos","C","EMML_SH"
"Colobus angolensis","C","EMML_SH"
"Herpestes ichneumon","C","EMML_SH"
"Thryonomys gregorianus","C","EMML_SH"
"Canis mesomelas","C","EMML_SH"
"Hyaena hyaena","C","EMML_SH"
"Smutsia temminckii","C","EMML_SH"
"Aepyceros melampus","C","EMML_SH"
"Redunca redunca","C","EMML_SH"
"Mellivora capensis","C","EMML_SH"
"Mungos mungo","C","EMML_SH"
"Aonyx capensis","C","EMML_SH"
"Leptailurus serval","C","EMML_SH"
"Thryonomys swinderianus","C","EMML_SH"
"Glaucomys volans","A","EMML_SMTB"
"Spilogale putorius","A","EMML_SMTB"
"Mustela frenata","A","EMML_SMTB"
"Odocoileus virginianus","B","EMML_SMTB"
"Procyon lotor","B","EMML_SMTB"
"Canis latrans","B","EMML_SMTB"
"Sciurus carolinensis","B","EMML_SMTB"
"Sylvilagus floridanus","B","EMML_SMTB"
"Didelphis virginiana","B","EMML_SMTB"
"Lynx rufus","B","EMML_SMTB"
"Ursus americanus","B","EMML_SMTB"
"Mephitis mephitis","B","EMML_SMTB"
"Urocyon cinereoargenteus","B","EMML_SMTB"
"Sciurus niger","B","EMML_SMTB"
"Vulpes vulpes","B","EMML_SMTB"
"Marmota monax","B","EMML_SMTB"
"Castor canadensis","C","EMML_SMTB"
"Lontra canadensis","C","EMML_SMTB"
"Ondatra zibethicus","C","EMML_SMTB"
"Neovison vison","C","EMML_SMTB"
"Odocoileus virginianus","B","EMML_SMTB"
"Procyon lotor","B","EMML_SMTB"
"Canis latrans","B","EMML_SMTB"
"Sciurus carolinensis","B","EMML_SMTB"
"Sylvilagus floridanus","B","EMML_SMTB"
"Didelphis virginiana","B","EMML_SMTB"
"Lynx rufus","B","EMML_SMTB"
"Ursus americanus","B","EMML_SMTB"
"Mephitis mephitis","B","EMML_SMTB"
"Urocyon cinereoargenteus","B","EMML_SMTB"
"Sciurus niger","B","EMML_SMTB"
"Vulpes vulpes","B","EMML_SMTB"
"Marmota monax","B","EMML_SMTB"
"Urocyon cinereoargenteus","C","EMML_SSAM"
"Vulpes vulpes","C","EMML_SSAM"
"Didelphis virginiana","C","EMML_SSAM"
"Martes pennanti","C","EMML_SSAM"
"Marmota monax","C","EMML_SSAM"
"Mephitis mephitis","C","EMML_SSAM"
"Sciurus carolinensis","C","EMML_SSAM"
"Erethizon dorsatum","C","EMML_SSAM"
"Alces alces","C","EMML_SSAM"
"Castor canadensis","C","EMML_SSAM"
"Lontra canadensis","C","EMML_SSAM"
"Ondatra zibethicus","C","EMML_SSAM"
"Neovison vison","C","EMML_SSAM"
"Tamias striatus","A","EMML_TCTS"
"Glaucomys volans","A","EMML_TCTS"
"Sciurus carolinensis","B","EMML_TCTS"
"Odocoileus virginianus","B","EMML_TCTS"
"Procyon lotor","B","EMML_TCTS"
"Vulpes vulpes","B","EMML_TCTS"
"Didelphis virginiana","B","EMML_TCTS"
"Urocyon cinereoargenteus","B","EMML_TCTS"
"Canis latrans","B","EMML_TCTS"
"Lynx rufus","B","EMML_TCTS"
"Sciurus niger","B","EMML_TCTS"
"Sylvilagus floridanus","B","EMML_TCTS"
"Mephitis mephitis","B","EMML_TCTS"
"Marmota monax","B","EMML_TCTS"
"Ursus americanus","C","EMML_TCTS"
"Sylvilagus palustris","C","EMML_TCTS"
"Castor canadensis","C","EMML_TCTS"
"Lontra canadensis","C","EMML_TCTS"
"Ondatra zibethicus","C","EMML_TCTS"
"Neovison vison","C","EMML_TCTS"
"Tamias striatus","A","EMML_TRCFP"
"Sciurus niger","B","EMML_TRCFP"
"Odocoileus virginianus","B","EMML_TRCFP"
"Procyon lotor","B","EMML_TRCFP"
"Canis latrans","B","EMML_TRCFP"
"Sciurus carolinensis","B","EMML_TRCFP"
"Didelphis virginiana","B","EMML_TRCFP"
"Dasypus novemcinctus","B","EMML_TRCFP"
"Marmota monax","B","EMML_TRCFP"
"Vulpes vulpes","B","EMML_TRCFP"
"Lynx rufus","B","EMML_TRCFP"
"Urocyon cinereoargenteus","B","EMML_TRCFP"
"Mephitis mephitis","B","EMML_TRCFP"
"Ictidomys tridecemlineatus","C","EMML_TRCFP"
"Poliocitellus franklinii","C","EMML_TRCFP"
"Sylvilagus floridanus","C","EMML_TRCFP"
"Castor canadensis","C","EMML_TRCFP"
"Lontra canadensis","C","EMML_TRCFP"
"Ondatra zibethicus","C","EMML_TRCFP"
"Neovison vison","C","EMML_TRCFP"
"Neotoma fuscipes","A","EMML_UCSC"
"Sciurus carolinensis","B","EMML_UCSC"
"Odocoileus hemionus","B","EMML_UCSC"
"Canis latrans","B","EMML_UCSC"
"Mephitis mephitis","B","EMML_UCSC"
"Sylvilagus bachmani","B","EMML_UCSC"
"Lynx rufus","B","EMML_UCSC"
"Sciurus griseus","B","EMML_UCSC"
"Didelphis virginiana","B","EMML_UCSC"
"Urocyon cinereoargenteus","C","EMML_UCSC"
"Taxidea taxus","C","EMML_UCSC"
"Lepus californicus","C","EMML_UCSC"
"Neotamias merriami","C","EMML_UCSC"
"Otospermophilus beecheyi","C","EMML_UCSC"
"Sylvilagus audubonii","C","EMML_UCSC"
"Procyon lotor","C","EMML_UCSC"
"Bassariscus astutus","C","EMML_UCSC"
"Puma concolor","C","EMML_UCSC"
"Lontra canadensis","C","EMML_UCSC"
"Tamias striatus","A","EMML_UTW"
"Glaucomys sabrinus","A","EMML_UTW"
"Glaucomys volans","A","EMML_UTW"
"Tamiasciurus hudsonicus","A","EMML_UTW"
"Mustela frenata","A","EMML_UTW"
"Ursus americanus","B","EMML_UTW"
"Sciurus carolinensis","B","EMML_UTW"
"Odocoileus virginianus","B","EMML_UTW"
"Procyon lotor","B","EMML_UTW"
"Canis latrans","B","EMML_UTW"
"Vulpes vulpes","B","EMML_UTW"
"Didelphis virginiana","B","EMML_UTW"
"Sciurus niger","B","EMML_UTW"
"Castor canadensis","B","EMML_UTW"
"Sylvilagus floridanus","B","EMML_UTW"
"Mephitis mephitis","B","EMML_UTW"
"Marmota monax","B","EMML_UTW"
"Lynx rufus","B","EMML_UTW"
"Urocyon cinereoargenteus","B","EMML_UTW"
"Sylvilagus obscurus","B","EMML_UTW"
"Neovison vison","B","EMML_UTW"
"Martes pennanti","C","EMML_UTW"
"Lepus americanus","C","EMML_UTW"
"Lontra canadensis","C","EMML_UTW"
"Ondatra zibethicus","C","EMML_UTW"
"Phoca vitulina","C","EMML_UTW"
"Ursus americanus","B","EMML_UTW"
"Sciurus carolinensis","B","EMML_UTW"
"Odocoileus virginianus","B","EMML_UTW"
"Procyon lotor","B","EMML_UTW"
"Canis latrans","B","EMML_UTW"
"Vulpes vulpes","B","EMML_UTW"
"Didelphis virginiana","B","EMML_UTW"
"Sciurus niger","B","EMML_UTW"
"Castor canadensis","B","EMML_UTW"
"Sylvilagus floridanus","B","EMML_UTW"
"Mephitis mephitis","B","EMML_UTW"
"Marmota monax","B","EMML_UTW"
"Lynx rufus","B","EMML_UTW"
"Urocyon cinereoargenteus","B","EMML_UTW"
"Sylvilagus obscurus","B","EMML_UTW"
"Neovison vison","B","EMML_UTW"
"Urocyon cinereoargenteus","C","EMML_WCDI"
"Castor canadensis","C","EMML_WCDI"
"Lontra canadensis","C","EMML_WCDI"
"Ondatra zibethicus","C","EMML_WCDI"
"Neovison vison","C","EMML_WCDI"
"Ursus americanus","B","EMML_UTW"
"Sciurus carolinensis","B","EMML_UTW"
"Odocoileus virginianus","B","EMML_UTW"
"Procyon lotor","B","EMML_UTW"
"Canis latrans","B","EMML_UTW"
"Vulpes vulpes","B","EMML_UTW"
"Didelphis virginiana","B","EMML_UTW"
"Sciurus niger","B","EMML_UTW"
"Castor canadensis","B","EMML_UTW"
"Sylvilagus floridanus","B","EMML_UTW"
"Mephitis mephitis","B","EMML_UTW"
"Marmota monax","B","EMML_UTW"
"Lynx rufus","B","EMML_UTW"
"Urocyon cinereoargenteus","B","EMML_UTW"
"Sylvilagus obscurus","B","EMML_UTW"
"Neovison vison","B","EMML_UTW"
"Urocyon cinereoargenteus","C","EMML_WVUWF"
"Taxidea taxus","C","EMML_WVUWF"
"Martes pennanti","C","EMML_WVUWF"
"Lynx rufus","C","EMML_WVUWF"
"Mephitis mephitis","C","EMML_WVUWF"
"Castor canadensis","C","EMML_WVUWF"
"Lontra canadensis","C","EMML_WVUWF"
"Ondatra zibethicus","C","EMML_WVUWF"
"Neovison vison","C","EMML_WVUWF"
"Ursus americanus","B","EMML_UTW"
"Sciurus carolinensis","B","EMML_UTW"
"Odocoileus virginianus","B","EMML_UTW"
"Procyon lotor","B","EMML_UTW"
"Canis latrans","B","EMML_UTW"
"Vulpes vulpes","B","EMML_UTW"
"Didelphis virginiana","B","EMML_UTW"
"Sciurus niger","B","EMML_UTW"
"Castor canadensis","B","EMML_UTW"
"Sylvilagus floridanus","B","EMML_UTW"
"Mephitis mephitis","B","EMML_UTW"
"Marmota monax","B","EMML_UTW"
"Lynx rufus","B","EMML_UTW"
"Urocyon cinereoargenteus","B","EMML_UTW"
"Sylvilagus obscurus","B","EMML_UTW"
"Neovison vison","B","EMML_UTW"
"Urocyon cinereoargenteus","C","EMML_WYWP"
"Ursus americanus","C","EMML_WYWP"
"Sciurus niger","C","EMML_WYWP"
"Lepus americanus","C","EMML_WYWP"
"Lynx rufus","C","EMML_WYWP"
"Canis latrans","C","EMML_WYWP"
"Mephitis mephitis","C","EMML_WYWP"
"Castor canadensis","C","EMML_WYWP"
"Ondatra zibethicus","C","EMML_WYWP"
"Neovison vison","C","EMML_WYWP"
"Lepus saxatilis","A","GC"
"Galago senegalensis","A","GC"
"Loxodonta africana","B","GC"
"Kobus ellipsiprymnus","B","GC"
"Kobus kob","B","GC"
"Papio anubis","B","GC"
"Tragelaphus scriptus","B","GC"
"Genetta pardina","B","GC"
"Phacochoerus africanus","B","GC"
"Panthera pardus","B","GC"
"Ichneumia albicauda","B","GC"
"Orycteropus afer","B","GC"
"Crocuta crocuta","B","GC"
"Hippotragus equinus","B","GC"
"Erythrocebus patas","B","GC"
"Ourebia ourebi","B","GC"
"Syncerus caffer","B","GC"
"Alcelaphus buselaphus","B","GC"
"Chlorocebus sabaeus","B","GC"
"Civettictis civetta","B","GC"
"Hystrix cristata","B","GC"
"Cephalophus rufilatus","B","GC"
"Sylvicapra grimmia","B","GC"
"Caracal caracal","B","GC"
"Thryonomys swinderianus","B","GC"
"Cricetomys gambianus","B","GC"
"Canis adustus","B","GC"
"Atilax paludinosus","B","GC"
"Xerus erythropus","B","GC"
"Mungos gambianus","B","GC"
"Colobus vellerosus","C","GC"
"Felis silvestris","C","GC"
"Herpestes sanguineus","C","GC"
"Lepus victoriae","C","GC"
"Genetta genetta","C","GC"
"Ictonyx striatus","C","GC"
"Genetta thierryi","C","GC"
"Cephalophus silvicultor","C","GC"
"Phataginus tetradactyla","C","GC"
"Herpestes ichneumon","C","GC"
"Smutsia gigantea","C","GC"
"Hyaena hyaena","C","GC"
"Procavia capensis","C","GC"
"Redunca redunca","C","GC"
"Mellivora capensis","C","GC"
"Phataginus tricuspis","C","GC"
"Aonyx capensis","C","GC"
"Leptailurus serval","C","GC"
"Sciurus vulgaris","A","ITBD"
"Puma concolor","A","ITBD"
"Lynx canadensis","B","ITBD"
"Lepus americanus","B","ITBD"
"Canis latrans","B","ITBD"
"Odocoileus virginianus","B","ITBD"
"Martes pennanti","B","ITBD"
"Canis lupus","B","ITBD"
"Alces alces","B","ITBD"
"Vulpes vulpes","B","ITBD"
"Rangifer tarandus","B","ITBD"
"Martes americana","B","ITBD"
"Ursus americanus","B","ITBD"
"Lontra canadensis","B","ITBD"
"Odocoileus hemionus","C","ITBD"
"Taxidea taxus","C","ITBD"
"Neotamias minimus","C","ITBD"
"Procyon lotor","C","ITBD"
"Gulo gulo","C","ITBD"
"Marmota monax","C","ITBD"
"Mephitis mephitis","C","ITBD"
"Erethizon dorsatum","C","ITBD"
"Castor canadensis","C","ITBD"
"Ondatra zibethicus","C","ITBD"
"Neovison vison","C","ITBD"
"Lynx canadensis","B","ITBD"
"Lepus americanus","B","ITBD"
"Canis latrans","B","ITBD"
"Odocoileus virginianus","B","ITBD"
"Martes pennanti","B","ITBD"
"Canis lupus","B","ITBD"
"Alces alces","B","ITBD"
"Vulpes vulpes","B","ITBD"
"Rangifer tarandus","B","ITBD"
"Martes americana","B","ITBD"
"Ursus americanus","B","ITBD"
"Lontra canadensis","B","ITBD"
"Cercopithecus mitis","C","SRGT"
"Dendrohyrax arboreus","C","SRGT"
"Cricetomys ansorgei","C","SRGT"
"Erythrocebus baumstarki","C","SRGT"
"Redunca fulvorufula","C","SRGT"
"Pronolagus rupestris","C","SRGT"
"Tragelaphus imberbis","C","SRGT"
"Ceratotherium simum","C","SRGT"
"Ichneumia albicauda","C","SRGT"
"Herpestes sanguineus","C","SRGT"
"Hystrix africaeaustralis","C","SRGT"
"Potamochoerus larvatus","C","SRGT"
"Bdeogale crassicauda","C","SRGT"
"Heterohyrax brucei","C","SRGT"
"Tragelaphus strepsiceros","C","SRGT"
"Gerbillus harwoodi","C","SRGT"
"Philantomba monticola","C","SRGT"
"Lepus capensis","C","SRGT"
"Canis adustus","C","SRGT"
"Oreotragus oreotragus","C","SRGT"
"Ourebia ourebi","C","SRGT"
"Otolemur crassicaudatus","C","SRGT"
"Nandinia binotata","C","SRGT"
"Colobus guereza","C","SRGT"
"Herpestes ichneumon","C","SRGT"
"Hippotragus equinus","C","SRGT"
"Pedetes surdaster","C","SRGT"
"Thryonomys gregorianus","C","SRGT"
"Genetta maculata","C","SRGT"
"Anomalurus derbianus","C","SRGT"
"Procavia capensis","C","SRGT"
"Smutsia temminckii","C","SRGT"
"Sylvicapra grimmia","C","SRGT"
"Raphicerus campestris","C","SRGT"
"Canis lupaster","C","SRGT"
"Aonyx capensis","C","SRGT"
"Hydrictis maculicollis","C","SRGT"
"Thryonomys swinderianus","C","SRGT"
"Atilax paludinosus","C","SRGT"
"Tragulus javanicus","A","TEAMS_BBS"
"Presbytis melalophos","A","TEAMS_BBS"
"Pardofelis marmorata","A","TEAMS_BBS"
"Muntiacus montanus","A","TEAMS_BBS"
"Muntiacus muntjak","B","TEAMS_BBS"
"Macaca nemestrina","B","TEAMS_BBS"
"Helarctos malayanus","B","TEAMS_BBS"
"Rusa unicolor","B","TEAMS_BBS"
"Sus scrofa","B","TEAMS_BBS"
"Tragulus napu","B","TEAMS_BBS"
"Tapirus indicus","B","TEAMS_BBS"
"Symphalangus syndactylus","B","TEAMS_BBS"
"Manis javanica","B","TEAMS_BBS"
"Panthera tigris","B","TEAMS_BBS"
"Prionailurus bengalensis","B","TEAMS_BBS"
"Elephas maximus","B","TEAMS_BBS"
"Cuon alpinus","B","TEAMS_BBS"
"Catopuma temminckii","B","TEAMS_BBS"
"Neofelis diardi","B","TEAMS_BBS"
"Prionodon linsang","B","TEAMS_BBS"
"Arctogalidia trivirgata","B","TEAMS_BBS"
"Paguma larvata","B","TEAMS_BBS"
"Macaca fascicularis","B","TEAMS_BBS"
"Hemigalus derbyanus","B","TEAMS_BBS"
"Cynogale bennettii","B","TEAMS_BBS"
"Arctictis binturong","B","TEAMS_BBS"
"Lutra lutra","B","TEAMS_BBS"
"Herpestes brachyurus","B","TEAMS_BBS"
"Tragulus kanchil","B","TEAMS_BBS"
"Paradoxurus hermaphroditus","B","TEAMS_BBS"
"Aonyx cinereus","B","TEAMS_BBS"
"Capricornis sumatraensis","B","TEAMS_BBS"
"Martes flavigula","B","TEAMS_BBS"
"Hystrix brachyura","C","TEAMS_BBS"
"Trichys fasciculata","C","TEAMS_BBS"
"Herpestes semitorquatus","C","TEAMS_BBS"
"Nycticebus coucang","C","TEAMS_BBS"
"Hylobates agilis","C","TEAMS_BBS"
"Viverra tangalunga","C","TEAMS_BBS"
"Petaurista elegans","C","TEAMS_BBS"
"Dicerorhinus sumatrensis","C","TEAMS_BBS"
"Cephalopachus bancanus","C","TEAMS_BBS"
"Ratufa affinis","C","TEAMS_BBS"
"Hystrix sumatrae","C","TEAMS_BBS"
"Ratufa bicolor","C","TEAMS_BBS"
"Petaurista petaurista","C","TEAMS_BBS"
"Trachypithecus cristatus","C","TEAMS_BBS"
"Mustela nudipes","C","TEAMS_BBS"
"Rhizomys sumatrensis","C","TEAMS_BBS"
"Presbytis mitrata","C","TEAMS_BBS"
"Galeopterus variegatus","C","TEAMS_BBS"
"Lutra sumatrana","C","TEAMS_BBS"
"Lutrogale perspicillata","C","TEAMS_BBS"
"Prionailurus planiceps","C","TEAMS_BBS"
"Sylvilagus brasiliensis","A","TEAMS_BCI"
"Cebus capucinus","A","TEAMS_BCI"
"Metachirus nudicaudatus","A","TEAMS_BCI"
"Marmosa robinsoni","A","TEAMS_BCI"
"Herpailurus yagouaroundi","A","TEAMS_BCI"
"Didelphis marsupialis","B","TEAMS_BCI"
"Odocoileus virginianus","B","TEAMS_BCI"
"Nasua narica","B","TEAMS_BCI"
"Pecari tajacu","B","TEAMS_BCI"
"Leopardus pardalis","B","TEAMS_BCI"
"Tamandua mexicana","B","TEAMS_BCI"
"Mazama temama","B","TEAMS_BCI"
"Dasypus novemcinctus","B","TEAMS_BCI"
"Eira barbara","B","TEAMS_BCI"
"Cabassous centralis","B","TEAMS_BCI"
"Procyon cancrivorus","B","TEAMS_BCI"
"Philander opossum","B","TEAMS_BCI"
"Tapirus bairdii","B","TEAMS_BCI"
"Alouatta palliata","B","TEAMS_BCI"
"Leopardus wiedii","B","TEAMS_BCI"
"Galictis vittata","B","TEAMS_BCI"
"Canis latrans","B","TEAMS_BCI"
"Urocyon cinereoargenteus","C","TEAMS_BCI"
"Transandinomys talamancae","C","TEAMS_BCI"
"Coendou quichua","C","TEAMS_BCI"
"Aotus zonalis","C","TEAMS_BCI"
"Sylvilagus gabbi","C","TEAMS_BCI"
"Cuniculus paca","C","TEAMS_BCI"
"Bassaricyon medius","C","TEAMS_BCI"
"Choloepus hoffmanni","C","TEAMS_BCI"
"Transandinomys bolivaris","C","TEAMS_BCI"
"Panthera onca","C","TEAMS_BCI"
"Bradypus variegatus","C","TEAMS_BCI"
"Speothos venaticus","C","TEAMS_BCI"
"Potos flavus","C","TEAMS_BCI"
"Ateles geoffroyi","C","TEAMS_BCI"
"Dasyprocta punctata","C","TEAMS_BCI"
"Procyon lotor","C","TEAMS_BCI"
"Cebus imitator","C","TEAMS_BCI"
"Chironectes minimus","C","TEAMS_BCI"
"Lontra longicaudis","C","TEAMS_BCI"
"Hydrochoerus isthmius","C","TEAMS_BCI"
"Genetta genetta","A","TEAMS_BIF"
"Canis lupus","A","TEAMS_BIF"
"Genetta tigrina","A","TEAMS_BIF"
"Genetta victoriae","A","TEAMS_BIF"
"Colobus angolensis","A","TEAMS_BIF"
"Cephalophus nigrifrons","B","TEAMS_BIF"
"Cephalophus silvicultor","B","TEAMS_BIF"
"Allochrocebus lhoesti","B","TEAMS_BIF"
"Canis adustus","B","TEAMS_BIF"
"Mellivora capensis","B","TEAMS_BIF"
"Potamochoerus larvatus","B","TEAMS_BIF"
"Atilax paludinosus","B","TEAMS_BIF"
"Caracal aurata","B","TEAMS_BIF"
"Tragelaphus spekii","B","TEAMS_BIF"
"Genetta servalina","B","TEAMS_BIF"
"Gorilla beringei","B","TEAMS_BIF"
"Pan troglodytes","B","TEAMS_BIF"
"Galagoides demidoff","B","TEAMS_BIF"
"Civettictis civetta","B","TEAMS_BIF"
"Papio anubis","B","TEAMS_BIF"
"Nandinia binotata","B","TEAMS_BIF"
"Loxodonta africana","B","TEAMS_BIF"
"Phataginus tricuspis","B","TEAMS_BIF"
"Cephalophus weynsi","B","TEAMS_BIF"
"Cercopithecus mitis","B","TEAMS_BIF"
"Tragelaphus scriptus","B","TEAMS_BIF"
"Leptailurus serval","B","TEAMS_BIF"
"Herpestes sanguineus","B","TEAMS_BIF"
"Colobus guereza","B","TEAMS_BIF"
"Dendrohyrax dorsalis","C","TEAMS_BIF"
"Chlorocebus tantalus","C","TEAMS_BIF"
"Dendrohyrax arboreus","C","TEAMS_BIF"
"Atherurus africanus","C","TEAMS_BIF"
"Orycteropus afer","C","TEAMS_BIF"
"Kobus ellipsiprymnus","C","TEAMS_BIF"
"Hylomyscus vulcanorum","C","TEAMS_BIF"
"Cercopithecus ascanius","C","TEAMS_BIF"
"Ceratotherium simum","C","TEAMS_BIF"
"Ichneumia albicauda","C","TEAMS_BIF"
"Protoxerus stangeri","C","TEAMS_BIF"
"Dendromus kivu","C","TEAMS_BIF"
"Hystrix africaeaustralis","C","TEAMS_BIF"
"Philantomba monticola","C","TEAMS_BIF"
"Syncerus caffer","C","TEAMS_BIF"
"Phacochoerus africanus","C","TEAMS_BIF"
"Ictonyx striatus","C","TEAMS_BIF"
"Galagoides thomasi","C","TEAMS_BIF"
"Otolemur crassicaudatus","C","TEAMS_BIF"
"Cricetomys emini","C","TEAMS_BIF"
"Hystrix cristata","C","TEAMS_BIF"
"Damaliscus lunatus","C","TEAMS_BIF"
"Perodicticus ibeanus","C","TEAMS_BIF"
"Hylochoerus meinertzhageni","C","TEAMS_BIF"
"Lophocebus albigena","C","TEAMS_BIF"
"Herpestes ichneumon","C","TEAMS_BIF"
"Smutsia gigantea","C","TEAMS_BIF"
"Thryonomys gregorianus","C","TEAMS_BIF"
"Genetta maculata","C","TEAMS_BIF"
"Anomalurus derbianus","C","TEAMS_BIF"
"Procavia capensis","C","TEAMS_BIF"
"Sylvicapra grimmia","C","TEAMS_BIF"
"Crocuta crocuta","C","TEAMS_BIF"
"Mungos mungo","C","TEAMS_BIF"
"Canis lupaster","C","TEAMS_BIF"
"Aonyx congicus","C","TEAMS_BIF"
"Hydrictis maculicollis","C","TEAMS_BIF"
"Potamogale velox","C","TEAMS_BIF"
"Thryonomys swinderianus","C","TEAMS_BIF"
"Metachirus nudicaudatus","A","TEAMS_CAX"
"Atelocynus microtis","A","TEAMS_CAX"
"Mazama nana","A","TEAMS_CAX"
"Mazama americana","B","TEAMS_CAX"
"Didelphis marsupialis","B","TEAMS_CAX"
"Eira barbara","B","TEAMS_CAX"
"Leopardus pardalis","B","TEAMS_CAX"
"Tapirus terrestris","B","TEAMS_CAX"
"Puma concolor","B","TEAMS_CAX"
"Pecari tajacu","B","TEAMS_CAX"
"Dasypus kappleri","B","TEAMS_CAX"
"Mazama nemorivaga","B","TEAMS_CAX"
"Dasypus novemcinctus","B","TEAMS_CAX"
"Myrmecophaga tridactyla","B","TEAMS_CAX"
"Tamandua tetradactyla","B","TEAMS_CAX"
"Leopardus wiedii","B","TEAMS_CAX"
"Panthera onca","B","TEAMS_CAX"
"Nasua nasua","B","TEAMS_CAX"
"Cabassous unicinctus","B","TEAMS_CAX"
"Priodontes maximus","B","TEAMS_CAX"
"Marmosa demerarae","B","TEAMS_CAX"
"Tayassu pecari","B","TEAMS_CAX"
"Sapajus apella","B","TEAMS_CAX"
"Herpailurus yagouaroundi","B","TEAMS_CAX"
"Coendou prehensilis","C","TEAMS_CAX"
"Dasypus septemcinctus","C","TEAMS_CAX"
"Toromys grandis","C","TEAMS_CAX"
"Sciurus gilvigularis","C","TEAMS_CAX"
"Myoprocta pratti","C","TEAMS_CAX"
"Mustela africana","C","TEAMS_CAX"
"Alouatta discolor","C","TEAMS_CAX"
"Euryoryzomys macconnelli","C","TEAMS_CAX"
"Alouatta belzebul","C","TEAMS_CAX"
"Cuniculus paca","C","TEAMS_CAX"
"Euphractus sexcinctus","C","TEAMS_CAX"
"Echimys chrysurus","C","TEAMS_CAX"
"Leopardus tigrinus","C","TEAMS_CAX"
"Aotus azarae","C","TEAMS_CAX"
"Choloepus didactylus","C","TEAMS_CAX"
"Bradypus variegatus","C","TEAMS_CAX"
"Speothos venaticus","C","TEAMS_CAX"
"Saimiri collinsi","C","TEAMS_CAX"
"Potos flavus","C","TEAMS_CAX"
"Mico argentatus","C","TEAMS_CAX"
"Galictis vittata","C","TEAMS_CAX"
"Hylaeamys megacephalus","C","TEAMS_CAX"
"Dasyprocta croconota","C","TEAMS_CAX"
"Philander opossum","C","TEAMS_CAX"
"Chiropotes utahickae","C","TEAMS_CAX"
"Coendou nycthemera","C","TEAMS_CAX"
"Hydrochoerus hydrochaeris","C","TEAMS_CAX"
"Lontra longicaudis","C","TEAMS_CAX"
"Pteronura brasiliensis","C","TEAMS_CAX"
"Procyon cancrivorus","C","TEAMS_CAX"
"Dasypus kappleri","A","TEAMS_COU"
"Sylvilagus brasiliensis","A","TEAMS_COU"
"Cebus albifrons","A","TEAMS_COU"
"Monodelphis glirina","A","TEAMS_COU"
"Leontocebus fuscicollis","A","TEAMS_COU"
"Saimiri sciureus","A","TEAMS_COU"
"Didelphis virginiana","A","TEAMS_COU"
"Mazama americana","B","TEAMS_COU"
"Leopardus pardalis","B","TEAMS_COU"
"Pecari tajacu","B","TEAMS_COU"
"Panthera onca","B","TEAMS_COU"
"Tapirus terrestris","B","TEAMS_COU"
"Myrmecophaga tridactyla","B","TEAMS_COU"
"Priodontes maximus","B","TEAMS_COU"
"Dasypus novemcinctus","B","TEAMS_COU"
"Puma concolor","B","TEAMS_COU"
"Tayassu pecari","B","TEAMS_COU"
"Didelphis marsupialis","B","TEAMS_COU"
"Nasua nasua","B","TEAMS_COU"
"Tamandua tetradactyla","B","TEAMS_COU"
"Atelocynus microtis","B","TEAMS_COU"
"Procyon cancrivorus","B","TEAMS_COU"
"Leopardus wiedii","B","TEAMS_COU"
"Herpailurus yagouaroundi","B","TEAMS_COU"
"Eira barbara","B","TEAMS_COU"
"Saimiri boliviensis","B","TEAMS_COU"
"Sapajus apella","B","TEAMS_COU"
"Philander opossum","B","TEAMS_COU"
"Pteronura brasiliensis","B","TEAMS_COU"
"Marmosa regina","B","TEAMS_COU"
"Leopardus tigrinus","B","TEAMS_COU"
"Ateles chamek","B","TEAMS_COU"
"Lontra longicaudis","B","TEAMS_COU"
"Pithecia irrorata","C","TEAMS_COU"
"Coendou prehensilis","C","TEAMS_COU"
"Mazama chunyi","C","TEAMS_COU"
"Hylaeamys perenensis","C","TEAMS_COU"
"Monodelphis ronaldi","C","TEAMS_COU"
"Lagothrix lagothricha","C","TEAMS_COU"
"Cebus cuscinus","C","TEAMS_COU"
"Mustela africana","C","TEAMS_COU"
"Euryoryzomys macconnelli","C","TEAMS_COU"
"Alouatta seniculus","C","TEAMS_COU"
"Cuniculus paca","C","TEAMS_COU"
"Sciurus igniventris","C","TEAMS_COU"
"Dactylomys boliviensis","C","TEAMS_COU"
"Choloepus hoffmanni","C","TEAMS_COU"
"Odocoileus virginianus","C","TEAMS_COU"
"Hylaeamys yunganus","C","TEAMS_COU"
"Bradypus variegatus","C","TEAMS_COU"
"Cabassous unicinctus","C","TEAMS_COU"
"Speothos venaticus","C","TEAMS_COU"
"Plecturocebus urubambensis","C","TEAMS_COU"
"Potos flavus","C","TEAMS_COU"
"Marmosa demerarae","C","TEAMS_COU"
"Aotus nigriceps","C","TEAMS_COU"
"Bassaricyon alleni","C","TEAMS_COU"
"Galictis vittata","C","TEAMS_COU"
"Leontocebus weddelli","C","TEAMS_COU"
"Coendou bicolor","C","TEAMS_COU"
"Dinomys branickii","C","TEAMS_COU"
"Monodelphis peruviana","C","TEAMS_COU"
"Mazama nemorivaga","C","TEAMS_COU"
"Dasyprocta variegata","C","TEAMS_COU"
"Euryoryzomys nitidus","C","TEAMS_COU"
"Chironectes minimus","C","TEAMS_COU"
"Hydrochoerus hydrochaeris","C","TEAMS_COU"
"Metachirus nudicaudatus","A","TEAMS_CSN"
"Marmosa murina","A","TEAMS_CSN"
"Monodelphis brevicaudata","A","TEAMS_CSN"
"Puma concolor","B","TEAMS_CSN"
"Pecari tajacu","B","TEAMS_CSN"
"Mazama nemorivaga","B","TEAMS_CSN"
"Mazama americana","B","TEAMS_CSN"
"Dasypus novemcinctus","B","TEAMS_CSN"
"Myrmecophaga tridactyla","B","TEAMS_CSN"
"Leopardus pardalis","B","TEAMS_CSN"
"Priodontes maximus","B","TEAMS_CSN"
"Dasypus kappleri","B","TEAMS_CSN"
"Herpailurus yagouaroundi","B","TEAMS_CSN"
"Tapirus terrestris","B","TEAMS_CSN"
"Leopardus wiedii","B","TEAMS_CSN"
"Philander opossum","B","TEAMS_CSN"
"Panthera onca","B","TEAMS_CSN"
"Didelphis marsupialis","B","TEAMS_CSN"
"Nasua nasua","B","TEAMS_CSN"
"Tayassu pecari","B","TEAMS_CSN"
"Eira barbara","B","TEAMS_CSN"
"Tamandua tetradactyla","B","TEAMS_CSN"
"Odocoileus virginianus","B","TEAMS_CSN"
"Procyon cancrivorus","B","TEAMS_CSN"
"Saimiri sciureus","B","TEAMS_CSN"
"Leopardus tigrinus","B","TEAMS_CSN"
"Speothos venaticus","B","TEAMS_CSN"
"Cabassous unicinctus","B","TEAMS_CSN"
"Coendou prehensilis","C","TEAMS_CSN"
"Sapajus apella","C","TEAMS_CSN"
"Lutreolina crassicaudata","C","TEAMS_CSN"
"Alouatta macconnelli","C","TEAMS_CSN"
"Mustela africana","C","TEAMS_CSN"
"Chiropotes chiropotes","C","TEAMS_CSN"
"Cebus castaneus","C","TEAMS_CSN"
"Pithecia pithecia","C","TEAMS_CSN"
"Euryoryzomys macconnelli","C","TEAMS_CSN"
"Didelphis imperfecta","C","TEAMS_CSN"
"Cuniculus paca","C","TEAMS_CSN"
"Cavia aperea","C","TEAMS_CSN"
"Myoprocta acouchy","C","TEAMS_CSN"
"Ateles paniscus","C","TEAMS_CSN"
"Coendou melanurus","C","TEAMS_CSN"
"Echimys chrysurus","C","TEAMS_CSN"
"Hylaeamys yunganus","C","TEAMS_CSN"
"Choloepus didactylus","C","TEAMS_CSN"
"Chiropotes sagulatus","C","TEAMS_CSN"
"Dasyprocta leporina","C","TEAMS_CSN"
"Potos flavus","C","TEAMS_CSN"
"Marmosa demerarae","C","TEAMS_CSN"
"Galictis vittata","C","TEAMS_CSN"
"Bradypus tridactylus","C","TEAMS_CSN"
"Hylaeamys megacephalus","C","TEAMS_CSN"
"Saguinus midas","C","TEAMS_CSN"
"Cerdocyon thous","C","TEAMS_CSN"
"Chironectes minimus","C","TEAMS_CSN"
"Hydrochoerus hydrochaeris","C","TEAMS_CSN"
"Lontra longicaudis","C","TEAMS_CSN"
"Pteronura brasiliensis","C","TEAMS_CSN"
"Genetta servalina","A","TEAMS_KRP"
"Crossarchus obscurus","A","TEAMS_KRP"
"Herpestes sanguineus","A","TEAMS_KRP"
"Euoticus pallidus","A","TEAMS_KRP"
"Phataginus tricuspis","B","TEAMS_KRP"
"Philantomba monticola","B","TEAMS_KRP"
"Mandrillus leucophaeus","B","TEAMS_KRP"
"Potamochoerus porcus","B","TEAMS_KRP"
"Loxodonta africana","B","TEAMS_KRP"
"Herpestes naso","B","TEAMS_KRP"
"Cephalophus ogilbyi","B","TEAMS_KRP"
"Cercocebus torquatus","B","TEAMS_KRP"
"Nandinia binotata","B","TEAMS_KRP"
"Cercopithecus nictitans","B","TEAMS_KRP"
"Hyemoschus aquaticus","B","TEAMS_KRP"
"Cephalophus silvicultor","B","TEAMS_KRP"
"Bdeogale nigripes","B","TEAMS_KRP"
"Civettictis civetta","B","TEAMS_KRP"
"Atilax paludinosus","B","TEAMS_KRP"
"Pan troglodytes","B","TEAMS_KRP"
"Cercopithecus mona","B","TEAMS_KRP"
"Genetta cristata","C","TEAMS_KRP"
"Dendrohyrax dorsalis","C","TEAMS_KRP"
"Atherurus africanus","C","TEAMS_KRP"
"Perodicticus edwardsi","C","TEAMS_KRP"
"Caracal aurata","C","TEAMS_KRP"
"Cephalophus dorsalis","C","TEAMS_KRP"
"Sciurocheirus alleni","C","TEAMS_KRP"
"Protoxerus stangeri","C","TEAMS_KRP"
"Xerus erythropus","C","TEAMS_KRP"
"Syncerus caffer","C","TEAMS_KRP"
"Piliocolobus preussi","C","TEAMS_KRP"
"Genetta thierryi","C","TEAMS_KRP"
"Galagoides demidoff","C","TEAMS_KRP"
"Galagoides thomasi","C","TEAMS_KRP"
"Cricetomys emini","C","TEAMS_KRP"
"Tragelaphus scriptus","C","TEAMS_KRP"
"Cercopithecus erythrotis","C","TEAMS_KRP"
"Phataginus tetradactyla","C","TEAMS_KRP"
"Herpestes ichneumon","C","TEAMS_KRP"
"Genetta maculata","C","TEAMS_KRP"
"Anomalurus derbianus","C","TEAMS_KRP"
"Mellivora capensis","C","TEAMS_KRP"
"Crossarchus platycephalus","C","TEAMS_KRP"
"Aonyx capensis","C","TEAMS_KRP"
"Hippopotamus amphibius","C","TEAMS_KRP"
"Hydrictis maculicollis","C","TEAMS_KRP"
"Potamogale velox","C","TEAMS_KRP"
"Thryonomys swinderianus","C","TEAMS_KRP"
"Tragelaphus spekii","C","TEAMS_KRP"
"Metachirus nudicaudatus","A","TEAMS_MAS"
"Pithecia pithecia","A","TEAMS_MAS"
"Leopardus pardalis","B","TEAMS_MAS"
"Mazama americana","B","TEAMS_MAS"
"Dasypus novemcinctus","B","TEAMS_MAS"
"Didelphis marsupialis","B","TEAMS_MAS"
"Eira barbara","B","TEAMS_MAS"
"Tamandua tetradactyla","B","TEAMS_MAS"
"Mazama nemorivaga","B","TEAMS_MAS"
"Pecari tajacu","B","TEAMS_MAS"
"Panthera onca","B","TEAMS_MAS"
"Tapirus terrestris","B","TEAMS_MAS"
"Nasua nasua","B","TEAMS_MAS"
"Philander opossum","B","TEAMS_MAS"
"Myrmecophaga tridactyla","B","TEAMS_MAS"
"Tayassu pecari","B","TEAMS_MAS"
"Puma concolor","B","TEAMS_MAS"
"Leopardus wiedii","B","TEAMS_MAS"
"Herpailurus yagouaroundi","B","TEAMS_MAS"
"Cabassous unicinctus","B","TEAMS_MAS"
"Marmosa demerarae","B","TEAMS_MAS"
"Coendou prehensilis","C","TEAMS_MAS"
"Pithecia chrysocephala","C","TEAMS_MAS"
"Toromys grandis","C","TEAMS_MAS"
"Sapajus apella","C","TEAMS_MAS"
"Sciurus gilvigularis","C","TEAMS_MAS"
"Alouatta macconnelli","C","TEAMS_MAS"
"Mustela africana","C","TEAMS_MAS"
"Chiropotes chiropotes","C","TEAMS_MAS"
"Euryoryzomys macconnelli","C","TEAMS_MAS"
"Cuniculus paca","C","TEAMS_MAS"
"Atelocynus microtis","C","TEAMS_MAS"
"Myoprocta acouchy","C","TEAMS_MAS"
"Ateles paniscus","C","TEAMS_MAS"
"Coendou melanurus","C","TEAMS_MAS"
"Odocoileus virginianus","C","TEAMS_MAS"
"Echimys chrysurus","C","TEAMS_MAS"
"Hylaeamys yunganus","C","TEAMS_MAS"
"Leopardus tigrinus","C","TEAMS_MAS"
"Choloepus didactylus","C","TEAMS_MAS"
"Chiropotes sagulatus","C","TEAMS_MAS"
"Speothos venaticus","C","TEAMS_MAS"
"Dasyprocta leporina","C","TEAMS_MAS"
"Potos flavus","C","TEAMS_MAS"
"Aotus trivirgatus","C","TEAMS_MAS"
"Priodontes maximus","C","TEAMS_MAS"
"Dasypus kappleri","C","TEAMS_MAS"
"Bassaricyon alleni","C","TEAMS_MAS"
"Galictis vittata","C","TEAMS_MAS"
"Dactylomys dactylinus","C","TEAMS_MAS"
"Bradypus tridactylus","C","TEAMS_MAS"
"Hylaeamys megacephalus","C","TEAMS_MAS"
"Saimiri sciureus","C","TEAMS_MAS"
"Saguinus midas","C","TEAMS_MAS"
"Hydrochoerus hydrochaeris","C","TEAMS_MAS"
"Lontra longicaudis","C","TEAMS_MAS"
"Pteronura brasiliensis","C","TEAMS_MAS"
"Procyon cancrivorus","C","TEAMS_MAS"
"Muntiacus muntjak","A","TEAMS_NAK"
"Herpestes urva","A","TEAMS_NAK"
"Tragulus javanicus","A","TEAMS_NAK"
"Paradoxurus hermaphroditus","B","TEAMS_NAK"
"Sus scrofa","B","TEAMS_NAK"
"Tragulus kanchil","B","TEAMS_NAK"
"Pardofelis marmorata","B","TEAMS_NAK"
"Prionailurus bengalensis","B","TEAMS_NAK"
"Macaca leonina","B","TEAMS_NAK"
"Martes flavigula","B","TEAMS_NAK"
"Capricornis sumatraensis","B","TEAMS_NAK"
"Melogale moschata","B","TEAMS_NAK"
"Arctonyx collaris","B","TEAMS_NAK"
"Arctictis binturong","B","TEAMS_NAK"
"Melogale personata","B","TEAMS_NAK"
"Macaca assamensis","B","TEAMS_NAK"
"Macaca arctoides","B","TEAMS_NAK"
"Viverra zibetha","B","TEAMS_NAK"
"Catopuma temminckii","B","TEAMS_NAK"
"Cuon alpinus","B","TEAMS_NAK"
"Manis javanica","B","TEAMS_NAK"
"Prionodon pardicolor","B","TEAMS_NAK"
"Helarctos malayanus","B","TEAMS_NAK"
"Manis pentadactyla","C","TEAMS_NAK"
"Rhizomys pruinosus","C","TEAMS_NAK"
"Hystrix brachyura","C","TEAMS_NAK"
"Arctogalidia trivirgata","C","TEAMS_NAK"
"Paguma larvata","C","TEAMS_NAK"
"Canis aureus","C","TEAMS_NAK"
"Trachypithecus phayrei","C","TEAMS_NAK"
"Nycticebus pygmaeus","C","TEAMS_NAK"
"Muntiacus vaginalis","C","TEAMS_NAK"
"Lepus peguensis","C","TEAMS_NAK"
"Nycticebus bengalensis","C","TEAMS_NAK"
"Pygathrix nemaeus","C","TEAMS_NAK"
"Atherurus macrourus","C","TEAMS_NAK"
"Muntiacus vuquangensis","C","TEAMS_NAK"
"Macaca mulatta","C","TEAMS_NAK"
"Petaurista philippensis","C","TEAMS_NAK"
"Ratufa bicolor","C","TEAMS_NAK"
"Mustela strigidorsa","C","TEAMS_NAK"
"Nomascus siki","C","TEAMS_NAK"
"Viverricula indica","C","TEAMS_NAK"
"Elephas maximus","C","TEAMS_NAK"
"Herpestes javanicus","C","TEAMS_NAK"
"Nomascus leucogenys","C","TEAMS_NAK"
"Bandicota indica","C","TEAMS_NAK"
"Trachypithecus laotum","C","TEAMS_NAK"
"Bos gaurus","C","TEAMS_NAK"
"Rhizomys sumatrensis","C","TEAMS_NAK"
"Viverra megaspila","C","TEAMS_NAK"
"Neofelis nebulosa","C","TEAMS_NAK"
"Ursus thibetanus","C","TEAMS_NAK"
"Rusa unicolor","C","TEAMS_NAK"
"Biswamoyopterus laoensis","C","TEAMS_NAK"
"Lutra lutra","C","TEAMS_NAK"
"Lutrogale perspicillata","C","TEAMS_NAK"
"Aonyx cinereus","C","TEAMS_NAK"
"Philander mondolfii","A","TEAMS_NNN"
"Cephalophus callipygus","B","TEAMS_NNN"
"Cephalophus dorsalis","B","TEAMS_NNN"
"Potamochoerus porcus","B","TEAMS_NNN"
"Philantomba monticola","B","TEAMS_NNN"
"Cephalophus silvicultor","B","TEAMS_NNN"
"Pan troglodytes","B","TEAMS_NNN"
"Loxodonta africana","B","TEAMS_NNN"
"Orycteropus afer","B","TEAMS_NNN"
"Herpestes naso","B","TEAMS_NNN"
"Bdeogale nigripes","B","TEAMS_NNN"
"Cercocebus agilis","B","TEAMS_NNN"
"Caracal aurata","B","TEAMS_NNN"
"Nandinia binotata","B","TEAMS_NNN"
"Genetta servalina","B","TEAMS_NNN"
"Panthera pardus","B","TEAMS_NNN"
"Hyemoschus aquaticus","B","TEAMS_NNN"
"Tragelaphus eurycerus","B","TEAMS_NNN"
"Syncerus caffer","B","TEAMS_NNN"
"Cephalophus nigrifrons","B","TEAMS_NNN"
"Atilax paludinosus","B","TEAMS_NNN"
"Mellivora capensis","B","TEAMS_NNN"
"Phataginus tricuspis","B","TEAMS_NNN"
"Cercopithecus nictitans","B","TEAMS_NNN"
"Civettictis civetta","B","TEAMS_NNN"
"Smutsia gigantea","B","TEAMS_NNN"
"Cephalophus leucogaster","B","TEAMS_NNN"
"Hylochoerus meinertzhageni","B","TEAMS_NNN"
"Tragelaphus spekii","B","TEAMS_NNN"
"Cercopithecus cephus","B","TEAMS_NNN"
"Dendrohyrax dorsalis","C","TEAMS_NNN"
"Piliocolobus oustaleti","C","TEAMS_NNN"
"Atherurus africanus","C","TEAMS_NNN"
"Perodicticus edwardsi","C","TEAMS_NNN"
"Protoxerus stangeri","C","TEAMS_NNN"
"Huetia leucorhina","C","TEAMS_NNN"
"Poiana richardsonii","C","TEAMS_NNN"
"Galagoides demidoff","C","TEAMS_NNN"
"Galagoides thomasi","C","TEAMS_NNN"
"Sciurocheirus gabonensis","C","TEAMS_NNN"
"Cricetomys emini","C","TEAMS_NNN"
"Gorilla gorilla","C","TEAMS_NNN"
"Cercopithecus neglectus","C","TEAMS_NNN"
"Hylomyscus walterverheyeni","C","TEAMS_NNN"
"Phataginus tetradactyla","C","TEAMS_NNN"
"Lophocebus albigena","C","TEAMS_NNN"
"Colobus guereza","C","TEAMS_NNN"
"Genetta maculata","C","TEAMS_NNN"
"Anomalurus derbianus","C","TEAMS_NNN"
"Crossarchus platycephalus","C","TEAMS_NNN"
"Aonyx congicus","C","TEAMS_NNN"
"Hydrictis maculicollis","C","TEAMS_NNN"
"Potamogale velox","C","TEAMS_NNN"
"Thryonomys swinderianus","C","TEAMS_NNN"
"Tapirus indicus","A","TEAMS_PSH"
"Cuon alpinus","A","TEAMS_PSH"
"Helarctos malayanus","A","TEAMS_PSH"
"Capricornis sumatraensis","A","TEAMS_PSH"
"Prionailurus planiceps","A","TEAMS_PSH"
"Viverra megaspila","A","TEAMS_PSH"
"Herpestes urva","A","TEAMS_PSH"
"Macaca fascicularis","B","TEAMS_PSH"
"Macaca nemestrina","B","TEAMS_PSH"
"Sus scrofa","B","TEAMS_PSH"
"Tragulus kanchil","B","TEAMS_PSH"
"Herpestes brachyurus","B","TEAMS_PSH"
"Martes flavigula","B","TEAMS_PSH"
"Muntiacus muntjak","B","TEAMS_PSH"
"Paguma larvata","B","TEAMS_PSH"
"Hemigalus derbyanus","B","TEAMS_PSH"
"Arctictis binturong","B","TEAMS_PSH"
"Panthera pardus","B","TEAMS_PSH"
"Viverra zibetha","B","TEAMS_PSH"
"Trachypithecus obscurus","B","TEAMS_PSH"
"Prionodon linsang","B","TEAMS_PSH"
"Rusa unicolor","B","TEAMS_PSH"
"Presbytis siamensis","B","TEAMS_PSH"
"Prionailurus bengalensis","B","TEAMS_PSH"
"Manis javanica","B","TEAMS_PSH"
"Pardofelis marmorata","B","TEAMS_PSH"
"Neofelis nebulosa","B","TEAMS_PSH"
"Tragulus napu","B","TEAMS_PSH"
"Viverra tangalunga","B","TEAMS_PSH"
"Hystrix brachyura","C","TEAMS_PSH"
"Sus barbatus","C","TEAMS_PSH"
"Arctogalidia trivirgata","C","TEAMS_PSH"
"Symphalangus syndactylus","C","TEAMS_PSH"
"Nycticebus coucang","C","TEAMS_PSH"
"Petaurista elegans","C","TEAMS_PSH"
"Aeromys tephromelas","C","TEAMS_PSH"
"Hylobates lar","C","TEAMS_PSH"
"Atherurus macrourus","C","TEAMS_PSH"
"Ratufa affinis","C","TEAMS_PSH"
"Ratufa bicolor","C","TEAMS_PSH"
"Petaurista petaurista","C","TEAMS_PSH"
"Viverricula indica","C","TEAMS_PSH"
"Herpestes javanicus","C","TEAMS_PSH"
"Mustela nudipes","C","TEAMS_PSH"
"Rhizomys sumatrensis","C","TEAMS_PSH"
"Cynogale bennettii","C","TEAMS_PSH"
"Paradoxurus hermaphroditus","C","TEAMS_PSH"
"Galeopterus variegatus","C","TEAMS_PSH"
"Maxomys tajuddinii","C","TEAMS_PSH"
"Lutra sumatrana","C","TEAMS_PSH"
"Lutrogale perspicillata","C","TEAMS_PSH"
"Aonyx cinereus","C","TEAMS_PSH"
"Potamochoerus larvatus","A","TEAMS_RNF"
"Hemicentetes nigriceps","A","TEAMS_RNF"
"Setifer setosus","A","TEAMS_RNF"
"Microgale cowani","A","TEAMS_RNF"
"Hemicentetes semispinosus","A","TEAMS_RNF"
"Cheirogaleus major","A","TEAMS_RNF"
"Eulemur fulvus","A","TEAMS_RNF"
"Canis lupus","A","TEAMS_RNF"
"Fossa fossana","B","TEAMS_RNF"
"Galidia elegans","B","TEAMS_RNF"
"Tenrec ecaudatus","B","TEAMS_RNF"
"Eulemur rufifrons","B","TEAMS_RNF"
"Cryptoprocta ferox","B","TEAMS_RNF"
"Galidictis fasciata","B","TEAMS_RNF"
"Daubentonia madagascariensis","B","TEAMS_RNF"
"Eupleres goudotii","B","TEAMS_RNF"
"Eulemur rubriventer","B","TEAMS_RNF"
"Hapalemur griseus","B","TEAMS_RNF"
"Propithecus edwardsi","B","TEAMS_RNF"
"Lepilemur microdon","B","TEAMS_RNF"
"Hapalemur aureus","B","TEAMS_RNF"
"Microgale majori","C","TEAMS_RNF"
"Cheirogaleus grovesi","C","TEAMS_RNF"
"Avahi peyrierasi","C","TEAMS_RNF"
"Varecia variegata","C","TEAMS_RNF"
"Prolemur simus","C","TEAMS_RNF"
"Loxodonta africana","A","TEAMS_UDZ"
"Rhynchocyon cirnei","A","TEAMS_UDZ"
"Petrodromus tetradactylus","A","TEAMS_UDZ"
"Rhynchocyon udzungwensis","A","TEAMS_UDZ"
"Atilax paludinosus","B","TEAMS_UDZ"
"Bdeogale crassicauda","B","TEAMS_UDZ"
"Cercocebus sanjei","B","TEAMS_UDZ"
"Cephalophus harveyi","B","TEAMS_UDZ"
"Cephalophus spadix","B","TEAMS_UDZ"
"Panthera pardus","B","TEAMS_UDZ"
"Civettictis civetta","B","TEAMS_UDZ"
"Potamochoerus larvatus","B","TEAMS_UDZ"
"Nesotragus moschatus","B","TEAMS_UDZ"
"Papio cynocephalus","B","TEAMS_UDZ"
"Colobus angolensis","B","TEAMS_UDZ"
"Nandinia binotata","B","TEAMS_UDZ"
"Genetta servalina","B","TEAMS_UDZ"
"Cercopithecus mitis","B","TEAMS_UDZ"
"Mellivora capensis","B","TEAMS_UDZ"
"Piliocolobus gordonorum","B","TEAMS_UDZ"
"Dendrohyrax validus","B","TEAMS_UDZ"
"Mungos mungo","B","TEAMS_UDZ"
"Syncerus caffer","B","TEAMS_UDZ"
"Tragelaphus scriptus","B","TEAMS_UDZ"
"Crocuta crocuta","B","TEAMS_UDZ"
"Leptailurus serval","B","TEAMS_UDZ"
"Dendrohyrax arboreus","B","TEAMS_UDZ"
"Orycteropus afer","B","TEAMS_UDZ"
"Otocyon megalotis","C","TEAMS_UDZ"
"Redunca arundinum","C","TEAMS_UDZ"
"Chlorocebus pygerythrus","C","TEAMS_UDZ"
"Cricetomys ansorgei","C","TEAMS_UDZ"
"Paraxerus vexillarius","C","TEAMS_UDZ"
"Kobus ellipsiprymnus","C","TEAMS_UDZ"
"Alcelaphus buselaphus","C","TEAMS_UDZ"
"Proteles cristata","C","TEAMS_UDZ"
"Otolemur garnettii","C","TEAMS_UDZ"
"Rhynchogale melleri","C","TEAMS_UDZ"
"Diceros bicornis","C","TEAMS_UDZ"
"Felis silvestris","C","TEAMS_UDZ"
"Giraffa camelopardalis","C","TEAMS_UDZ"
"Ichneumia albicauda","C","TEAMS_UDZ"
"Herpestes sanguineus","C","TEAMS_UDZ"
"Hystrix africaeaustralis","C","TEAMS_UDZ"
"Heterohyrax brucei","C","TEAMS_UDZ"
"Hylomyscus arcimontensis","C","TEAMS_UDZ"
"Tragelaphus strepsiceros","C","TEAMS_UDZ"
"Philantomba monticola","C","TEAMS_UDZ"
"Lepus victoriae","C","TEAMS_UDZ"
"Genetta genetta","C","TEAMS_UDZ"
"Canis adustus","C","TEAMS_UDZ"
"Phacochoerus africanus","C","TEAMS_UDZ"
"Ictonyx striatus","C","TEAMS_UDZ"
"Oreotragus oreotragus","C","TEAMS_UDZ"
"Tragelaphus oryx","C","TEAMS_UDZ"
"Acomys ngurui","C","TEAMS_UDZ"
"Otolemur crassicaudatus","C","TEAMS_UDZ"
"Hystrix cristata","C","TEAMS_UDZ"
"Caracal caracal","C","TEAMS_UDZ"
"Panthera leo","C","TEAMS_UDZ"
"Connochaetes taurinus","C","TEAMS_UDZ"
"Herpestes ichneumon","C","TEAMS_UDZ"
"Hippotragus niger","C","TEAMS_UDZ"
"Thryonomys gregorianus","C","TEAMS_UDZ"
"Genetta maculata","C","TEAMS_UDZ"
"Paragalago zanzibaricus","C","TEAMS_UDZ"
"Anomalurus derbianus","C","TEAMS_UDZ"
"Smutsia temminckii","C","TEAMS_UDZ"
"Sylvicapra grimmia","C","TEAMS_UDZ"
"Aepyceros melampus","C","TEAMS_UDZ"
"Paragalago orinus","C","TEAMS_UDZ"
"Redunca redunca","C","TEAMS_UDZ"
"Aonyx capensis","C","TEAMS_UDZ"
"Hippopotamus amphibius","C","TEAMS_UDZ"
"Thryonomys swinderianus","C","TEAMS_UDZ"
"Marmosa mexicana","A","TEAMS_VB"
"Metachirus nudicaudatus","A","TEAMS_VB"
"Caluromys derbianus","A","TEAMS_VB"
"Canis lupus","A","TEAMS_VB"
"Cebus capucinus","A","TEAMS_VB"
"Pecari tajacu","B","TEAMS_VB"
"Dasypus novemcinctus","B","TEAMS_VB"
"Didelphis marsupialis","B","TEAMS_VB"
"Leopardus pardalis","B","TEAMS_VB"
"Eira barbara","B","TEAMS_VB"
"Puma concolor","B","TEAMS_VB"
"Nasua narica","B","TEAMS_VB"
"Tapirus bairdii","B","TEAMS_VB"
"Mazama temama","B","TEAMS_VB"
"Tamandua mexicana","B","TEAMS_VB"
"Herpailurus yagouaroundi","B","TEAMS_VB"
"Conepatus semistriatus","B","TEAMS_VB"
"Leopardus wiedii","B","TEAMS_VB"
"Philander opossum","B","TEAMS_VB"
"Panthera onca","B","TEAMS_VB"
"Procyon lotor","B","TEAMS_VB"
"Bassariscus sumichrasti","B","TEAMS_VB"
"Odocoileus virginianus","B","TEAMS_VB"
"Leopardus tigrinus","B","TEAMS_VB"
"Heterogeomys cherriei","C","TEAMS_VB"
"Urocyon cinereoargenteus","C","TEAMS_VB"
"Marmosa alstoni","C","TEAMS_VB"
"Cabassous centralis","C","TEAMS_VB"
"Handleyomys alfaroi","C","TEAMS_VB"
"Coendou mexicanus","C","TEAMS_VB"
"Sylvilagus gabbi","C","TEAMS_VB"
"Cuniculus paca","C","TEAMS_VB"
"Alouatta palliata","C","TEAMS_VB"
"Choloepus hoffmanni","C","TEAMS_VB"
"Transandinomys bolivaris","C","TEAMS_VB"
"Didelphis virginiana","C","TEAMS_VB"
"Bradypus variegatus","C","TEAMS_VB"
"Nephelomys devius","C","TEAMS_VB"
"Bassaricyon gabbii","C","TEAMS_VB"
"Potos flavus","C","TEAMS_VB"
"Ateles geoffroyi","C","TEAMS_VB"
"Dasyprocta punctata","C","TEAMS_VB"
"Cebus imitator","C","TEAMS_VB"
"Myrmecophaga tridactyla","C","TEAMS_VB"
"Galictis vittata","C","TEAMS_VB"
"Canis latrans","C","TEAMS_VB"
"Chironectes minimus","C","TEAMS_VB"
"Lontra longicaudis","C","TEAMS_VB"
"Pecari tajacu","B","TEAMS_VB"
"Dasypus novemcinctus","B","TEAMS_VB"
"Didelphis marsupialis","B","TEAMS_VB"
"Leopardus pardalis","B","TEAMS_VB"
"Eira barbara","B","TEAMS_VB"
"Puma concolor","B","TEAMS_VB"
"Nasua narica","B","TEAMS_VB"
"Tapirus bairdii","B","TEAMS_VB"
"Mazama temama","B","TEAMS_VB"
"Tamandua mexicana","B","TEAMS_VB"
"Herpailurus yagouaroundi","B","TEAMS_VB"
"Conepatus semistriatus","B","TEAMS_VB"
"Leopardus wiedii","B","TEAMS_VB"
"Philander opossum","B","TEAMS_VB"
"Panthera onca","B","TEAMS_VB"
"Procyon lotor","B","TEAMS_VB"
"Bassariscus sumichrasti","B","TEAMS_VB"
"Odocoileus virginianus","B","TEAMS_VB"
"Leopardus tigrinus","B","TEAMS_VB"
"Chlorocebus tantalus","C","TEAMS_VIR"
"Chlorocebus pygerythrus","C","TEAMS_VIR"
"Atherurus africanus","C","TEAMS_VIR"
"Orycteropus afer","C","TEAMS_VIR"
"Kobus ellipsiprymnus","C","TEAMS_VIR"
"Hylomyscus vulcanorum","C","TEAMS_VIR"
"Cercopithecus ascanius","C","TEAMS_VIR"
"Ceratotherium simum","C","TEAMS_VIR"
"Diceros bicornis","C","TEAMS_VIR"
"Ichneumia albicauda","C","TEAMS_VIR"
"Dendromus kivu","C","TEAMS_VIR"
"Hystrix africaeaustralis","C","TEAMS_VIR"
"Potamochoerus larvatus","C","TEAMS_VIR"
"Philantomba monticola","C","TEAMS_VIR"
"Phacochoerus africanus","C","TEAMS_VIR"
"Ictonyx striatus","C","TEAMS_VIR"
"Genetta victoriae","C","TEAMS_VIR"
"Civettictis civetta","C","TEAMS_VIR"
"Cephalophus silvicultor","C","TEAMS_VIR"
"Galagoides demidoff","C","TEAMS_VIR"
"Galagoides thomasi","C","TEAMS_VIR"
"Otolemur crassicaudatus","C","TEAMS_VIR"
"Nandinia binotata","C","TEAMS_VIR"
"Cricetomys emini","C","TEAMS_VIR"
"Hystrix cristata","C","TEAMS_VIR"
"Perodicticus ibeanus","C","TEAMS_VIR"
"Hylochoerus meinertzhageni","C","TEAMS_VIR"
"Lophocebus albigena","C","TEAMS_VIR"
"Herpestes ichneumon","C","TEAMS_VIR"
"Smutsia gigantea","C","TEAMS_VIR"
"Thryonomys gregorianus","C","TEAMS_VIR"
"Papio anubis","C","TEAMS_VIR"
"Genetta maculata","C","TEAMS_VIR"
"Anomalurus derbianus","C","TEAMS_VIR"
"Procavia capensis","C","TEAMS_VIR"
"Sylvicapra grimmia","C","TEAMS_VIR"
"Crocuta crocuta","C","TEAMS_VIR"
"Cephalophus weynsi","C","TEAMS_VIR"
"Mellivora capensis","C","TEAMS_VIR"
"Mungos mungo","C","TEAMS_VIR"
"Phataginus tricuspis","C","TEAMS_VIR"
"Canis lupaster","C","TEAMS_VIR"
"Aonyx congicus","C","TEAMS_VIR"
"Hydrictis maculicollis","C","TEAMS_VIR"
"Potamogale velox","C","TEAMS_VIR"
"Thryonomys swinderianus","C","TEAMS_VIR"
"Tragelaphus spekii","C","TEAMS_VIR"
"Atilax paludinosus","C","TEAMS_VIR"
"Puma concolor","A","TEAMS_YAN"
"Eira barbara","A","TEAMS_YAN"
"Procyon cancrivorus","A","TEAMS_YAN"
"Leopardus wiedii","A","TEAMS_YAN"
"Myrmecophaga tridactyla","A","TEAMS_YAN"
"Dasypus kappleri","A","TEAMS_YAN"
"Cebus albifrons","A","TEAMS_YAN"
"Herpailurus yagouaroundi","A","TEAMS_YAN"
"Metachirus nudicaudatus","A","TEAMS_YAN"
"Cabassous unicinctus","A","TEAMS_YAN"
"Atelocynus microtis","A","TEAMS_YAN"
"Dasypus novemcinctus","B","TEAMS_YAN"
"Didelphis marsupialis","B","TEAMS_YAN"
"Nasua nasua","B","TEAMS_YAN"
"Pecari tajacu","B","TEAMS_YAN"
"Leopardus pardalis","B","TEAMS_YAN"
"Tapirus terrestris","B","TEAMS_YAN"
"Mazama americana","B","TEAMS_YAN"
"Panthera onca","B","TEAMS_YAN"
"Tremarctos ornatus","B","TEAMS_YAN"
"Tamandua tetradactyla","B","TEAMS_YAN"
"Lagothrix lagothricha","B","TEAMS_YAN"
"Speothos venaticus","B","TEAMS_YAN"
"Coendou prehensilis","C","TEAMS_YAN"
"Saimiri boliviensis","C","TEAMS_YAN"
"Conepatus chinga","C","TEAMS_YAN"
"Euryoryzomys macconnelli","C","TEAMS_YAN"
"Alouatta seniculus","C","TEAMS_YAN"
"Sciurus igniventris","C","TEAMS_YAN"
"Plecturocebus discolor","C","TEAMS_YAN"
"Marmosa regina","C","TEAMS_YAN"
"Leopardus colocolo","C","TEAMS_YAN"
"Pithecia inusta","C","TEAMS_YAN"
"Hylaeamys yunganus","C","TEAMS_YAN"
"Didelphis pernigra","C","TEAMS_YAN"
"Priodontes maximus","C","TEAMS_YAN"
"Lagidium viscacia","C","TEAMS_YAN"
"Aotus nigriceps","C","TEAMS_YAN"
"Ateles chamek","C","TEAMS_YAN"
"Bassaricyon alleni","C","TEAMS_YAN"
"Leontocebus leucogenys","C","TEAMS_YAN"
"Tayassu pecari","C","TEAMS_YAN"
"Coendou bicolor","C","TEAMS_YAN"
"Cuniculus taczanowskii","C","TEAMS_YAN"
"Monodelphis peruviana","C","TEAMS_YAN"
"Lycalopex culpaeus","C","TEAMS_YAN"
"Euryoryzomys nitidus","C","TEAMS_YAN"
"Chironectes minimus","C","TEAMS_YAN"
"Hydrochoerus hydrochaeris","C","TEAMS_YAN"
"Lontra longicaudis","C","TEAMS_YAN"
"Saimiri sciureus","A","TEAMS_YAS"
"Cebus albifrons","A","TEAMS_YAS"
"Philander andersoni","A","TEAMS_YAS"
"Sylvilagus brasiliensis","A","TEAMS_YAS"
"Metachirus nudicaudatus","A","TEAMS_YAS"
"Mazama gouazoubira","A","TEAMS_YAS"
"Mazama nemorivaga","B","TEAMS_YAS"
"Mazama americana","B","TEAMS_YAS"
"Dasypus novemcinctus","B","TEAMS_YAS"
"Atelocynus microtis","B","TEAMS_YAS"
"Tapirus terrestris","B","TEAMS_YAS"
"Leopardus pardalis","B","TEAMS_YAS"
"Eira barbara","B","TEAMS_YAS"
"Pecari tajacu","B","TEAMS_YAS"
"Myrmecophaga tridactyla","B","TEAMS_YAS"
"Herpailurus yagouaroundi","B","TEAMS_YAS"
"Didelphis marsupialis","B","TEAMS_YAS"
"Tamandua tetradactyla","B","TEAMS_YAS"
"Nasua nasua","B","TEAMS_YAS"
"Dasypus kappleri","B","TEAMS_YAS"
"Tayassu pecari","B","TEAMS_YAS"
"Procyon cancrivorus","B","TEAMS_YAS"
"Panthera onca","B","TEAMS_YAS"
"Galictis vittata","B","TEAMS_YAS"
"Speothos venaticus","B","TEAMS_YAS"
"Priodontes maximus","B","TEAMS_YAS"
"Puma concolor","B","TEAMS_YAS"
"Leopardus wiedii","B","TEAMS_YAS"
"Choloepus didactylus","B","TEAMS_YAS"
"Coendou prehensilis","C","TEAMS_YAS"
"Saimiri cassiquiarensis","C","TEAMS_YAS"
"Myoprocta pratti","C","TEAMS_YAS"
"Echimys saturnus","C","TEAMS_YAS"
"Mustela africana","C","TEAMS_YAS"
"Euryoryzomys macconnelli","C","TEAMS_YAS"
"Alouatta seniculus","C","TEAMS_YAS"
"Cuniculus paca","C","TEAMS_YAS"
"Sciurus igniventris","C","TEAMS_YAS"
"Cebus yuracus","C","TEAMS_YAS"
"Plecturocebus discolor","C","TEAMS_YAS"
"Cebuella pygmaea","C","TEAMS_YAS"
"Marmosa regina","C","TEAMS_YAS"
"Pattonomys occasius","C","TEAMS_YAS"
"Pithecia napensis","C","TEAMS_YAS"
"Hylaeamys yunganus","C","TEAMS_YAS"
"Leopardus tigrinus","C","TEAMS_YAS"
"Bradypus variegatus","C","TEAMS_YAS"
"Cabassous unicinctus","C","TEAMS_YAS"
"Alouatta juara","C","TEAMS_YAS"
"Coendou ichillus","C","TEAMS_YAS"
"Potos flavus","C","TEAMS_YAS"
"Dasyprocta fuliginosa","C","TEAMS_YAS"
"Bassaricyon alleni","C","TEAMS_YAS"
"Aotus vociferans","C","TEAMS_YAS"
"Dactylomys dactylinus","C","TEAMS_YAS"
"Coendou bicolor","C","TEAMS_YAS"
"Dinomys branickii","C","TEAMS_YAS"
"Leontocebus tripartitus","C","TEAMS_YAS"
"Chironectes minimus","C","TEAMS_YAS"
"Hydrochoerus hydrochaeris","C","TEAMS_YAS"
"Lontra longicaudis","C","TEAMS_YAS"
"Pteronura brasiliensis","C","TEAMS_YAS"
"Sotalia fluviatilis","C","TEAMS_YAS"
"Muntiacus muntjak","A","XSBN_BL"
"Mustela kathiah","A","XSBN_BL"
"Sus scrofa","B","XSBN_BL"
"Ursus thibetanus","B","XSBN_BL"
"Paradoxurus hermaphroditus","B","XSBN_BL"
"Rusa unicolor","B","XSBN_BL"
"Martes flavigula","B","XSBN_BL"
"Atherurus macrourus","B","XSBN_BL"
"Paguma larvata","B","XSBN_BL"
"Melogale moschata","B","XSBN_BL"
"Prionailurus bengalensis","B","XSBN_BL"
"Arctictis binturong","C","XSBN_BL"
"Viverra zibetha","C","XSBN_BL"
"Manis pentadactyla","C","XSBN_BL"
"Arctonyx collaris","C","XSBN_BL"
"Rhizomys pruinosus","C","XSBN_BL"
"Hystrix brachyura","C","XSBN_BL"
"Arctogalidia trivirgata","C","XSBN_BL"
"Macaca assamensis","C","XSBN_BL"
"Vulpes vulpes","C","XSBN_BL"
"Rhizomys sinensis","C","XSBN_BL"
"Trachypithecus phayrei","C","XSBN_BL"
"Petaurista elegans","C","XSBN_BL"
"Muntiacus vaginalis","C","XSBN_BL"
"Prionodon pardicolor","C","XSBN_BL"
"Lepus peguensis","C","XSBN_BL"
"Nycticebus bengalensis","C","XSBN_BL"
"Hylobates lar","C","XSBN_BL"
"Macaca mulatta","C","XSBN_BL"
"Cuon alpinus","C","XSBN_BL"
"Petaurista philippensis","C","XSBN_BL"
"Ratufa bicolor","C","XSBN_BL"
"Mustela strigidorsa","C","XSBN_BL"
"Petaurista petaurista","C","XSBN_BL"
"Viverricula indica","C","XSBN_BL"
"Melogale personata","C","XSBN_BL"
"Capricornis sumatraensis","C","XSBN_BL"
"Macaca leonina","C","XSBN_BL"
"Bandicota indica","C","XSBN_BL"
"Felis chaus","C","XSBN_BL"
"Bos gaurus","C","XSBN_BL"
"Rhizomys sumatrensis","C","XSBN_BL"
"Manis javanica","C","XSBN_BL"
"Neofelis nebulosa","C","XSBN_BL"
"Tamiops macclellandii","C","XSBN_BL"
"Pardofelis marmorata","C","XSBN_BL"
"Petaurista alborufus","C","XSBN_BL"
"Lutra lutra","C","XSBN_BL"
"Lutrogale perspicillata","C","XSBN_BL"
"Aonyx cinereus","C","XSBN_BL"
"Sus scrofa","B","XSBN_BL"
"Ursus thibetanus","B","XSBN_BL"
"Paradoxurus hermaphroditus","B","XSBN_BL"
"Rusa unicolor","B","XSBN_BL"
"Martes flavigula","B","XSBN_BL"
"Atherurus macrourus","B","XSBN_BL"
"Paguma larvata","B","XSBN_BL"
"Melogale moschata","B","XSBN_BL"
"Prionailurus bengalensis","B","XSBN_BL"
"Macaca arctoides","C","XSBN_MG"
"Arctictis binturong","C","XSBN_MG"
"Viverra zibetha","C","XSBN_MG"
"Manis pentadactyla","C","XSBN_MG"
"Rhizomys pruinosus","C","XSBN_MG"
"Hystrix brachyura","C","XSBN_MG"
"Nyctereutes procyonoides","C","XSBN_MG"
"Macaca assamensis","C","XSBN_MG"
"Vulpes vulpes","C","XSBN_MG"
"Rhizomys sinensis","C","XSBN_MG"
"Petaurista elegans","C","XSBN_MG"
"Muntiacus vaginalis","C","XSBN_MG"
"Prionodon pardicolor","C","XSBN_MG"
"Nycticebus bengalensis","C","XSBN_MG"
"Martes flavigula","C","XSBN_MG"
"Atherurus macrourus","C","XSBN_MG"
"Cuon alpinus","C","XSBN_MG"
"Petaurista philippensis","C","XSBN_MG"
"Ratufa bicolor","C","XSBN_MG"
"Mustela strigidorsa","C","XSBN_MG"
"Petaurista petaurista","C","XSBN_MG"
"Viverricula indica","C","XSBN_MG"
"Capricornis sumatraensis","C","XSBN_MG"
"Macaca leonina","C","XSBN_MG"
"Sus scrofa","C","XSBN_MG"
"Bandicota indica","C","XSBN_MG"
"Catopuma temminckii","C","XSBN_MG"
"Melogale moschata","C","XSBN_MG"
"Felis chaus","C","XSBN_MG"
"Bos gaurus","C","XSBN_MG"
"Rhizomys sumatrensis","C","XSBN_MG"
"Manis javanica","C","XSBN_MG"
"Neofelis nebulosa","C","XSBN_MG"
"Ursus thibetanus","C","XSBN_MG"
"Rusa unicolor","C","XSBN_MG"
"Paradoxurus hermaphroditus","C","XSBN_MG"
"Tamiops macclellandii","C","XSBN_MG"
"Lepus comus","C","XSBN_MG"
"Pardofelis marmorata","C","XSBN_MG"
"Petaurista alborufus","C","XSBN_MG"
"Lutra lutra","C","XSBN_MG"
"Lutrogale perspicillata","C","XSBN_MG"
"Aonyx cinereus","C","XSBN_MG"
"Muntiacus muntjak","A","XSBN_MLG"
"Herpestes urva","A","XSBN_MLG"
"Rusa unicolor","B","XSBN_MLG"
"Sus scrofa","B","XSBN_MLG"
"Paradoxurus hermaphroditus","B","XSBN_MLG"
"Prionailurus bengalensis","B","XSBN_MLG"
"Paguma larvata","B","XSBN_MLG"
"Hystrix brachyura","B","XSBN_MLG"
"Macaca mulatta","B","XSBN_MLG"
"Cuon alpinus","B","XSBN_MLG"
"Martes flavigula","B","XSBN_MLG"
"Ursus thibetanus","B","XSBN_MLG"
"Capricornis sumatraensis","B","XSBN_MLG"
"Prionodon pardicolor","B","XSBN_MLG"
"Viverricula indica","B","XSBN_MLG"
"Macaca arctoides","C","XSBN_MLG"
"Arctictis binturong","C","XSBN_MLG"
"Viverra zibetha","C","XSBN_MLG"
"Manis pentadactyla","C","XSBN_MLG"
"Arctonyx collaris","C","XSBN_MLG"
"Rhizomys pruinosus","C","XSBN_MLG"
"Arctogalidia trivirgata","C","XSBN_MLG"
"Macaca assamensis","C","XSBN_MLG"
"Vulpes vulpes","C","XSBN_MLG"
"Rhizomys sinensis","C","XSBN_MLG"
"Trachypithecus phayrei","C","XSBN_MLG"
"Petaurista elegans","C","XSBN_MLG"
"Nycticebus pygmaeus","C","XSBN_MLG"
"Muntiacus vaginalis","C","XSBN_MLG"
"Nycticebus bengalensis","C","XSBN_MLG"
"Panthera pardus","C","XSBN_MLG"
"Atherurus macrourus","C","XSBN_MLG"
"Petaurista philippensis","C","XSBN_MLG"
"Ratufa bicolor","C","XSBN_MLG"
"Mustela strigidorsa","C","XSBN_MLG"
"Petaurista petaurista","C","XSBN_MLG"
"Melogale personata","C","XSBN_MLG"
"Muntiacus rooseveltorum","C","XSBN_MLG"
"Elephas maximus","C","XSBN_MLG"
"Macaca leonina","C","XSBN_MLG"
"Herpestes javanicus","C","XSBN_MLG"
"Bandicota indica","C","XSBN_MLG"
"Catopuma temminckii","C","XSBN_MLG"
"Cannomys badius","C","XSBN_MLG"
"Melogale moschata","C","XSBN_MLG"
"Felis chaus","C","XSBN_MLG"
"Bos gaurus","C","XSBN_MLG"
"Rhizomys sumatrensis","C","XSBN_MLG"
"Tragulus kanchil","C","XSBN_MLG"
"Manis javanica","C","XSBN_MLG"
"Neofelis nebulosa","C","XSBN_MLG"
"Tamiops macclellandii","C","XSBN_MLG"
"Pardofelis marmorata","C","XSBN_MLG"
"Petaurista alborufus","C","XSBN_MLG"
"Lutra lutra","C","XSBN_MLG"
"Lutrogale perspicillata","C","XSBN_MLG"
"Aonyx cinereus","C","XSBN_MLG"
"Herpestes urva","A","XSBN_MLU"
"Paradoxurus hermaphroditus","B","XSBN_MLU"
"Atherurus macrourus","B","XSBN_MLU"
"Prionailurus bengalensis","B","XSBN_MLU"
"Paguma larvata","B","XSBN_MLU"
"Macaca arctoides","C","XSBN_MLU"
"Arctictis binturong","C","XSBN_MLU"
"Viverra zibetha","C","XSBN_MLU"
"Manis pentadactyla","C","XSBN_MLU"
"Rhizomys pruinosus","C","XSBN_MLU"
"Hystrix brachyura","C","XSBN_MLU"
"Nyctereutes procyonoides","C","XSBN_MLU"
"Arctogalidia trivirgata","C","XSBN_MLU"
"Macaca assamensis","C","XSBN_MLU"
"Vulpes vulpes","C","XSBN_MLU"
"Rhizomys sinensis","C","XSBN_MLU"
"Trachypithecus phayrei","C","XSBN_MLU"
"Petaurista elegans","C","XSBN_MLU"
"Muntiacus vaginalis","C","XSBN_MLU"
"Prionodon pardicolor","C","XSBN_MLU"
"Nycticebus bengalensis","C","XSBN_MLU"
"Martes flavigula","C","XSBN_MLU"
"Macaca mulatta","C","XSBN_MLU"
"Cuon alpinus","C","XSBN_MLU"
"Petaurista philippensis","C","XSBN_MLU"
"Ratufa bicolor","C","XSBN_MLU"
"Mustela strigidorsa","C","XSBN_MLU"
"Petaurista petaurista","C","XSBN_MLU"
"Viverricula indica","C","XSBN_MLU"
"Capricornis sumatraensis","C","XSBN_MLU"
"Macaca leonina","C","XSBN_MLU"
"Sus scrofa","C","XSBN_MLU"
"Bandicota indica","C","XSBN_MLU"
"Catopuma temminckii","C","XSBN_MLU"
"Melogale moschata","C","XSBN_MLU"
"Felis chaus","C","XSBN_MLU"
"Bos gaurus","C","XSBN_MLU"
"Rhizomys sumatrensis","C","XSBN_MLU"
"Manis javanica","C","XSBN_MLU"
"Neofelis nebulosa","C","XSBN_MLU"
"Ursus thibetanus","C","XSBN_MLU"
"Rusa unicolor","C","XSBN_MLU"
"Tamiops macclellandii","C","XSBN_MLU"
"Pardofelis marmorata","C","XSBN_MLU"
"Petaurista alborufus","C","XSBN_MLU"
"Lutra lutra","C","XSBN_MLU"
"Lutrogale perspicillata","C","XSBN_MLU"
"Aonyx cinereus","C","XSBN_MLU"
"Muntiacus muntjak","A","XSBN_MS"
"Ursus thibetanus","B","XSBN_MS"
"Paguma larvata","B","XSBN_MS"
"Sus scrofa","B","XSBN_MS"
"Paradoxurus hermaphroditus","B","XSBN_MS"
"Prionailurus bengalensis","B","XSBN_MS"
"Macaca leonina","B","XSBN_MS"
"Arctictis binturong","C","XSBN_MS"
"Viverra zibetha","C","XSBN_MS"
"Manis pentadactyla","C","XSBN_MS"
"Arctonyx collaris","C","XSBN_MS"
"Rhizomys pruinosus","C","XSBN_MS"
"Hystrix brachyura","C","XSBN_MS"
"Arctogalidia trivirgata","C","XSBN_MS"
"Macaca assamensis","C","XSBN_MS"
"Vulpes vulpes","C","XSBN_MS"
"Rhizomys sinensis","C","XSBN_MS"
"Trachypithecus phayrei","C","XSBN_MS"
"Petaurista elegans","C","XSBN_MS"
"Muntiacus vaginalis","C","XSBN_MS"
"Prionodon pardicolor","C","XSBN_MS"
"Lepus peguensis","C","XSBN_MS"
"Nycticebus bengalensis","C","XSBN_MS"
"Martes flavigula","C","XSBN_MS"
"Hylobates lar","C","XSBN_MS"
"Atherurus macrourus","C","XSBN_MS"
"Macaca mulatta","C","XSBN_MS"
"Cuon alpinus","C","XSBN_MS"
"Petaurista philippensis","C","XSBN_MS"
"Ratufa bicolor","C","XSBN_MS"
"Mustela strigidorsa","C","XSBN_MS"
"Petaurista petaurista","C","XSBN_MS"
"Viverricula indica","C","XSBN_MS"
"Melogale personata","C","XSBN_MS"
"Capricornis sumatraensis","C","XSBN_MS"
"Bandicota indica","C","XSBN_MS"
"Melogale moschata","C","XSBN_MS"
"Felis chaus","C","XSBN_MS"
"Bos gaurus","C","XSBN_MS"
"Rhizomys sumatrensis","C","XSBN_MS"
"Manis javanica","C","XSBN_MS"
"Neofelis nebulosa","C","XSBN_MS"
"Rusa unicolor","C","XSBN_MS"
"Tamiops macclellandii","C","XSBN_MS"
"Pardofelis marmorata","C","XSBN_MS"
"Petaurista alborufus","C","XSBN_MS"
"Lutra lutra","C","XSBN_MS"
"Lutrogale perspicillata","C","XSBN_MS"
"Aonyx cinereus","C","XSBN_MS"
"Muntiacus muntjak","A","XSBN_NBH"
"Arctonyx collaris","A","XSBN_NBH"
"Herpestes urva","A","XSBN_NBH"
"Naemorhedus goral","A","XSBN_NBH"
"Macaca mulatta","B","XSBN_NBH"
"Macaca leonina","B","XSBN_NBH"
"Rusa unicolor","B","XSBN_NBH"
"Sus scrofa","B","XSBN_NBH"
"Hystrix brachyura","B","XSBN_NBH"
"Paguma larvata","B","XSBN_NBH"
"Prionailurus bengalensis","B","XSBN_NBH"
"Melogale moschata","B","XSBN_NBH"
"Martes flavigula","B","XSBN_NBH"
"Capricornis sumatraensis","B","XSBN_NBH"
"Macaca arctoides","C","XSBN_NBH"
"Arctictis binturong","C","XSBN_NBH"
"Viverra zibetha","C","XSBN_NBH"
"Manis pentadactyla","C","XSBN_NBH"
"Rhizomys pruinosus","C","XSBN_NBH"
"Nyctereutes procyonoides","C","XSBN_NBH"
"Macaca assamensis","C","XSBN_NBH"
"Vulpes vulpes","C","XSBN_NBH"
"Rhizomys sinensis","C","XSBN_NBH"
"Trachypithecus phayrei","C","XSBN_NBH"
"Petaurista elegans","C","XSBN_NBH"
"Muntiacus vaginalis","C","XSBN_NBH"
"Prionodon pardicolor","C","XSBN_NBH"
"Nycticebus bengalensis","C","XSBN_NBH"
"Atherurus macrourus","C","XSBN_NBH"
"Cuon alpinus","C","XSBN_NBH"
"Elaphodus cephalophus","C","XSBN_NBH"
"Petaurista philippensis","C","XSBN_NBH"
"Ratufa bicolor","C","XSBN_NBH"
"Mustela strigidorsa","C","XSBN_NBH"
"Petaurista petaurista","C","XSBN_NBH"
"Viverricula indica","C","XSBN_NBH"
"Elephas maximus","C","XSBN_NBH"
"Bandicota indica","C","XSBN_NBH"
"Catopuma temminckii","C","XSBN_NBH"
"Felis chaus","C","XSBN_NBH"
"Bos gaurus","C","XSBN_NBH"
"Rhizomys sumatrensis","C","XSBN_NBH"
"Manis javanica","C","XSBN_NBH"
"Neofelis nebulosa","C","XSBN_NBH"
"Ursus thibetanus","C","XSBN_NBH"
"Paradoxurus hermaphroditus","C","XSBN_NBH"
"Tamiops macclellandii","C","XSBN_NBH"
"Lepus comus","C","XSBN_NBH"
"Pardofelis marmorata","C","XSBN_NBH"
"Petaurista alborufus","C","XSBN_NBH"
"Lutra lutra","C","XSBN_NBH"
"Lutrogale perspicillata","C","XSBN_NBH"
"Aonyx cinereus","C","XSBN_NBH"
"Mustela frenata","A","EMML_TNCC"
"Odocoileus virginianus","B","EMML_TNCC"
"Canis latrans","B","EMML_TNCC"
"Procyon lotor","B","EMML_TNCC"
"Lynx rufus","B","EMML_TNCC"
"Sciurus carolinensis","B","EMML_TNCC"
"Ursus americanus","B","EMML_TNCC"
"Sylvilagus floridanus","B","EMML_TNCC"
"Didelphis virginiana","B","EMML_TNCC"
"Mephitis mephitis","B","EMML_TNCC"
"Urocyon cinereoargenteus","B","EMML_TNCC"
"Sciurus niger","B","EMML_TNCC"
"Vulpes vulpes","B","EMML_TNCC"
"Sylvilagus palustris","C","EMML_TNCC"
"Marmota monax","C","EMML_TNCC"
"Sylvilagus obscurus","C","EMML_TNCC"
"Castor canadensis","C","EMML_TNCC"
"Lontra canadensis","C","EMML_TNCC"
"Ondatra zibethicus","C","EMML_TNCC"
"Neovison vison","C","EMML_TNCC"
"Tamias striatus","A","EMML_CARL"
"Glaucomys volans","A","EMML_CARL"
"Procyon lotor","B","EMML_CARL"
"Didelphis virginiana","B","EMML_CARL"
"Sciurus carolinensis","B","EMML_CARL"
"Ursus americanus","B","EMML_CARL"
"Odocoileus virginianus","B","EMML_CARL"
"Lynx rufus","B","EMML_CARL"
"Urocyon cinereoargenteus","B","EMML_CARL"
"Canis latrans","B","EMML_CARL"
"Sylvilagus floridanus","B","EMML_CARL"
"Vulpes vulpes","B","EMML_CARL"
"Mephitis mephitis","B","EMML_CARL"
"Marmota monax","B","EMML_CARL"
"Sciurus niger","C","EMML_CARL"
"Castor canadensis","C","EMML_CARL"
"Lontra canadensis","C","EMML_CARL"
"Ondatra zibethicus","C","EMML_CARL"
"Neovison vison","C","EMML_CARL"
